2305,Le Mans,Marseille,02/08/2026,1915,0315,1:Yara Clark:42.09,2:Oceane Gomez:54.98,3:Sofia Davis:44.26,4:Aisha Moussa:47.33,5:Margaux Ribeiro:50.54,6:Mateo Abebe:43.45,7:Mei Vidal:42.14,8:Li Dubois:51.65,9:Eloise Fahmi:35.07,10:Skylar Chung:37.78,11:Silas Ribeiro:57.81,12:Isabella Lefevre:39.94,13:Erica Vo:40.53,14:Quentin Fernandez:46.72,15:Aicha Garnier:44.38,16:Akira Miller:35.56,17:Imani Nkosi:45.16,18:Lea Wilson:47.54,19:Kwame Perez:54.44,20:Chen Diallo:37.57,21:Yumi Wang:44.91,22:Amandine Ali:33.63,23:Amine Weber:43.82,24:Chloe Durand:33.24,25:Jules Bruno:38.53,26:Pablo Diop:52.77,27:Kimberly Mohamed:45.02
9424,Dijon,Lyon,29/06/2026,1215,1414,1:Erica Ribeiro:14.67,2:Isabella Schmidt:20.55,3:Felix Huang:15.67,4:Dmitri Hussein:17.60,5:Sergei Ramirez:13.25,6:Aicha Garnier:19.25,7:Natalia Faure:16.50,8:Chloe Novak:14.42,9:Elena Russo:14.51,10:Sofia Zhang:17.46,11:Willow Abebe:20.06,12:Yara Miller:15.67,13:Elsa Conti:21.58,14:Louis Singh:19.94,15:Margaux Conti:17.10,16:Akira Rossi:16.74,17:Chen Pereira:20.63,18:Alice Huang:20.87,19:Ethan Liu:13.80,20:Baptiste Roux:14.24,21:Quentin Rossi:19.77,22:Akira Abebe:13.97,23:Brenda Le:17.54,24:Jian Torres:15.76,25:Chau Ali:18.96,26:Nour Morozov:18.30,27:Kimberly Abebe:12.96,28:Nala Simon:18.72,29:Imani Chen:14.00
8418,Paris,Angers,30/03/2026,1315,1853,1:Bjorn Thomas:39.17,2:Hugo Miller:34.76,3:Pierre Ziane:29.66,4:Corey Ramirez:39.54,5:Kofi Williams:31.61,6:Zachary Wong:24.25,7:Valentine Ferrari:26.78,8:Paul Moreau:27.83,9:Yumi Sanchez:41.51,10:Chloe Weber:41.97,11:Ulysse Nguyen:40.24,12:Jackson Popov:37.69,13:Corey Robert:35.74,14:Silas Greco:38.03,15:Zoe Tanaka:31.24,16:Camille Ramirez:34.75,17:Juan Roux:26.02,18:Driss Greco:25.10,19:Bjorn Johnson:26.66,20:Zola Schmidt:34.80,21:Dylan Ouattara:42.52,22:Theo Schmidt:42.50,23:Tristan Chen:37.11,24:Elsa Perez:40.58,25:Bilal Clark:28.72,26:Ethan Klein:32.75,27:Miguel Diop:27.77,28:Willow Tanaka:38.92,29:Javier Wilson:32.16,30:Taylor Durand:39.73,31:Omar Singh:25.05,32:Jules Rizzo:38.25,33:Orion Laurent:29.70
2286,Nice,Tours,11/04/2026,0930,2015,1:Ricardo Rodriguez:35.90,2:Hazel Schmidt:45.43,3:Skylar Davis:33.07,4:Alessio Silva:33.15,5:Silas Sylla:54.16,6:Ryo Sanchez:53.63,7:Lucas Singh:35.28,8:Chau Ouattara:47.78,9:Awa Klein:45.18,10:Katya Rodrigues:36.00,11:Minh Rizzo:47.12,12:Juan Greco:40.07
7063,Perpignan,Lyon,09/12/2026,1430,2238,1:Valentine Yamamoto:42.90,2:Orion Bernard:46.69,3:Liam Nkosi:47.22,4:Nour Smith:49.19,5:Felix Ali:37.87,6:Chau Zimmermann:42.31,7:Fiona Park:47.78,8:Natalia Klein:51.05,9:Felix Lefevre:54.65,10:Amine Torres:46.75,11:Zane Cherif:54.47,12:Eloise Oliveira:33.33,13:Ryan Benali:44.52,14:Chau Huang:32.71,15:Romain Diallo:43.23,16:Mehdi Zhang:40.88,17:Sana Martin:38.70,18:Noah Diop:52.94,19:Nicolas Clark:43.25
5766,Rennes,Saint-Etienne,22/03/2026,1515,2255,1:Mehdi Ali:37.25,2:Natalia Davis:37.99,3:Miguel Boudjema:45.38,4:Gabriel Muller:34.67,5:Minh Sanchez:56.52,6:Dmitri Lee:58.22,7:Katya Khelifi:35.62,8:Mei Nguyen:54.65,9:Emma Greco:47.20,10:Omar Moreau:53.53,11:Celeste Chung:55.42,12:Ryan Rodriguez:33.78,13:Nour Rodrigues:50.33,14:Nicolas Ferrari:39.20,15:Lea Brown:42.89,16:Ulysse Park:54.97,17:Rayan Conti:35.92,18:Silas Ziane:57.88,19:Kofi Petit:47.94,20:Fiona Vidal:35.81,21:Chen Wong:38.72,22:Ryan Ouattara:33.31,23:Lucia Simon:39.57,24:Isabella Popov:42.06,25:Ryan Fournier:55.50,26:Taylor Durand:34.28
5051,Metz,Clermont-Ferrand,24/04/2026,1200,1832,1:Hassan Pham:34.50,2:Imani Chen:36.37,3:Baptiste Roux:32.10,4:Erica Cruz:42.20,5:Samira Wong:42.03,6:Paul Durand:33.04,7:Noah Khan:56.04,8:Lucas Fernandez:50.44,9:Katya Wong:42.19,10:Silas Ribeiro:50.84,11:Alice Johnson:37.36,12:Zachary Wong:45.91,13:Sekou Moreau:54.89
6558,Le Mans,Metz,11/10/2026,1100,2001,1:Margaux Ribeiro:44.75,2:Emma Conti:37.43,3:Louis Park:35.97,4:Manon Moreau:33.69,5:Ricardo Cruz:55.96,6:Pierre Yamamoto:41.05,7:Fode Conti:32.85,8:Jeanne Fahmi:54.25,9:Chloe Kovacs:46.48,10:Rose Schmidt:37.85,11:Tristan Schmidt:42.54,12:Brenda Kovacs:40.51,13:Hazel Fernandez:52.27,14:Yumi Sanchez:47.96,15:Rayan Dubois:56.95,16:Ryan Rossi:36.44,17:Leila Roux:56.34,18:Kenji Weber:35.04,19:Elsa Kuznetsov:52.07,20:Orion Laurent:52.34,21:Emma Vidal:58.42,22:Katya Ahmed:58.00,23:Kwame Smith:56.92,24:Sora Silva:56.84,25:Madison Khan:38.73,26:Amine Durand:42.58,27:Taylor Wilson:40.46,28:Emma Greco:51.74,29:Ryan Khelifi:44.53,30:Liam Rossi:35.30,31:Manon Bianchi:58.21,32:Juan Roux:35.34,33:Li Wilson:37.29,34:Thao Moreau:45.89,35:Oceane Almeida:32.53,36:Leila Hussein:46.21,37:Chau Ali:45.68,38:Wei Moreau:33.97,39:Natalia Mohamed:51.05,40:Silas Dubois:32.73,41:David Gomez:49.58,42:Zane Suzuki:38.78,43:Noah Suzuki:43.15,44:Liam Fernandez:35.24,45:Valentine Rodrigues:38.38,46:Camille Fahmi:46.64,47:Oceane Huang:34.24,48:Quentin Santos:49.98,49:Quentin Schulz:32.57,50:Baptiste Wong:39.74,51:David Robert:41.01,52:Sofia Davis:33.85,53:Clement Lee:52.44
9343,Angers,Strasbourg,15/09/2026,1245,0035,1:Jackson Wang:48.68,2:Brenda Popov:47.73,3:Madison Kowalski:50.69,4:Jason Kowalski:35.64,5:Miguel Ndiaye:33.25,6:Bjorn Sato:46.07,7:Valentine Moreau:41.54,8:Austin Chen:34.39,9:Mei Sanchez:39.11,10:Hassan Liu:40.47,11:Mateo Novak:40.70,12:Ricardo Wagner:34.80,13::,14:Silas Miller:,15:Bjorn Pereira:51.03,16:Minh Benali:,17:Olivia Wong:34.42,18:Fiona Doan:32.50
7561,Lyon,Toulouse,24/08/2026,0830,1654,1:Igor Popov:,2:Willow Tanaka:51.07,3:Harper Vasiliev:51.71,4:Thao Khan:35.12,5:Jeanne Doan:55.83,6:Igor Cherif:34.62,7:Silas Simon:51.60,8:Manon Bianchi:44.86,9:Imani Ahmed:35.62,10:Lian Cruz:35.04,11:Jules Park:46.03,12:Hassan Liu:41.17,13:Maria Roux:38.28,14:Camille Santos:34.01,15:Nour Wong:37.38,16:Kenza Perez:50.54,17:Jeanne Russo:42.58,18:Zola Martin:42.55,19:Felix Garnier:55.67,20::,21:Nour Brown:,22:Chen Muller:45.07,23:Santiago Sousa:47.36,24:Omar Kovacs:50.41,25:Harper Ziane:33.61,26:Sophie Popov:35.73,27:Aicha Ndiaye:34.02,28:Lucia Hussein:38.34,29:Dylan Petit:44.44,30:Katya Schulz:41.20,31:Chloe Lefevre:55.07,32:Jian Esposito:43.44,33:Amandine Perez:40.85
8535,Lille,Limoges,11/05/2026,1830,0117,1::,2:Valentine Rizzo:30.12,3:Bjorn Tran:35.54,4:Oceane Gomez:50.82,5:Harper Ouattara:53.12,6:Jackson Kuznetsov:44.84,7:Zane Bernard:49.09,8:Jeanne Ahmed:41.69,9:Zane Zhang:39.37,10::,11:Elena Zhang:,12:Skylar Rossi:,13:Felix Taylor:33.13,14:Hana Pereira:45.61,15:Samira Ouattara:49.33,16:Zane Almeida:,17:Rayan Garcia:39.58,18:Driss Oliveira:46.77,19:Imani Zhang:45.68,20:Aki Muller:42.00,21:Brenda Garnier:48.36,22:Zachary Moussa:38.95,23:Harper Kuznetsov:42.23,24:Zoe Davis:35.18,25:Fode Khelifi:32.25,26:Leila Taylor:,27:Omar Singh:38.78
3694,Metz,Lille,25/04/2026,1200,2036,1:Hazel Fournier:37.79,2:Paul Durand:55.04,3:Zola Sylla:39.89,4:Romain Gallo:55.02,5:Elsa Greco:34.86,6:Leila Kuznetsov:38.64,7:Lea Sokolov:56.01,8::,9:Olivia Ribeiro:53.10,10:Karim Petrov:42.00,11:Silas Ziane:51.66,12:Rose Yamamoto:54.76,13:Gabriel Brown:33.28,14:Jeanne Moreau:46.17,15:Zane Johnson:57.99,16:Amine Novak:58.18,17:Adrien Esposito:48.96,18:Louis Moussa:43.86,19:Karim Sousa:43.66,20:Clement Fournier:35.46,21:Youssef Abebe:50.43,22:Leila Greco:42.35,23:Karim Sousa:37.60,24:Clement Moore:47.97,25:Fode Wilson:56.88,26:Madison Santos:45.72,27::,28:Sophie Taylor:50.12,29:Nicolas Khelifi:40.42,30:Ethan Brown:33.32,31::,32:Igor Cisse:44.19
6914,Rouen,Paris,02/11/2026,0730,0904,1:Katya Khelifi:17.64,2:Margaux Chen:20.18,3:Sara Schmidt:16.75,4:Sergei Ribeiro:14.54,5:Juan Lopez:16.81,6:Isabella Lopez:14.24,7:Igor Doan:22.31,8:Elena Diallo:15.45,9:Arthur Wong:19.37,10:Hassan Pereira:20.49,11:Nicolas Yamamoto:12.62,12:Hana Garnier:13.74,13:Igor Ali:22.46,14:Igor Popov:21.39,15:Fode Conti:14.28,16:Quentin Chung:20.72,17:Fiona Petrov:18.28,18:Wei Lopez:15.72,19:Nour Smith:17.28,20:Oceane Rodriguez:20.45,21:Carmen Sato:16.01,22:Felix Khan:15.18,23:Brenda Rizzo:16.83,24:Natalia Davis:14.46,25:Driss Laurent:20.17,26:Jason Fournier:20.40
3703,Paris,Strasbourg,08/12/2026,2215,0949,1:Mateo Abebe:39.47,2:Mei Garnier:42.67,3:Kenji Leroy:48.28,4:Fiona Simon:44.66,5:Kwame Smith:48.34,6:Wei Schulz:52.21,7:Simon Garnier:33.71,8:Valentine Durand:58.21,9:Youssef Ramirez:58.49,10:Mei Nkosi:50.17,11:Austin Gomes:47.65,12:Kofi Novak:49.38,13:Chau Le:48.83,14:Celeste Lopez:54.43,15:Igor Popov:39.74,16:Natalia Weber:47.60,17:Zola Martin:38.52,18:Kenza Perez:40.42,19:Taylor Wilson:47.74,20:Arthur Robert:43.36,21:Elena Ali:45.93,22:Zoe Rodrigues:56.77,23:Amandine Faure:58.41,24:Aisha Khan:37.39,25:Aki Bianchi:42.23,26:Willow Tanaka:53.06,27:Aicha Ziane:40.96,28:Mehdi Sato:52.57,29:Kenza Fahmi:34.51,30:Camille Tran:57.82,31:Miguel Schmidt:37.98,32:Ethan Bianchi:52.08,33:Manon Perez:51.30
7493,Strasbourg,Dijon,23/10/2026,1000,1417,1:Adrien Moore:22.85,2:Miguel Alves:32.20,3:Pablo Ndiaye:32.93,4:Li Abebe:22.36,5:Gabriel Cherif:30.75,6:Elena Liu:26.00,7:Igor Muller:26.15,8:Jackson Popov:30.24,9:Driss Williams:34.58,10:Bjorn Gallo:35.08,11:Ryo Perez:29.80,12:Alessio Lopez:34.46,13:Gabriel Garnier:24.82,14:Jian Robert:32.64,15:Rayan Davis:26.65,16:Imani Laurent:24.72,17:Juan Rizzo:32.49,18:Clement Moussa:34.57,19:Hazel Tran:23.29,20:Amandine Johnson:31.12,21:Dylan Moreau:32.19,22:Lucia Weber:25.46,23:Tristan Wang:27.33,24:Pablo Petrov:28.81,25:Kai Liu:29.34,26:Manon Lefevre:34.66,27:Thao Tran:25.14,28:Ryan Williams:21.49,29:Nicolas Ahmed:27.95,30:Natalia Perez:28.72,31:Nala Fournier:29.73,32:Isabella Lefevre:35.05,33:Finn Diallo:32.80,34:Orion Zhang:37.35,35:Zachary Laurent:26.65
1809,Angers,Rennes,28/06/2026,1130,1442,1:Oceane Wang:20.00,2:Skylar Novak:13.30,3:Aki Torres:13.40,4:Sekou Moreau:13.45,5:Willow Simon:15.13,6:Jeanne Kovacs:18.34,7:Rayan Davis:12.60,8:Olivia Ribeiro:14.00,9:Brenda Popov:14.69,10:Orion Davis:15.21,11:Zola Garcia:16.06,12:Louis Singh:19.39,13:Erica Mohamed:19.88,14:Austin Santos:18.13,15:Oceane Almeida:16.31,16:Nour Morozov:20.79,17:Kofi Petit:13.87,18:Paul Durand:14.93,19:Taylor Gomes:14.51,20:Carmen Simon:21.70
1848,Strasbourg,Perpignan,21/09/2026,1900,0558,1:Gabriel Bernard:54.85,2:Rose Thomas:38.68,3:Finn Davis:56.94,4:Simon Yamamoto:49.40,5:Finn Tran:32.65,6:Omar Kovacs:36.77,7:Aki Huang:51.47,8:Hazel Brown:36.21,9:Paul Diop:42.67,10:Emma Moussa:42.98,11:Leila Doan:40.12,12:Lea Tran:50.36,13:Jason Klein:58.07,14:Liam Ribeiro:44.37,15:Jackson Wang:38.91,16:Chloe Singh:35.04,17:Romain Gallo:37.13,18:Elsa Martin:35.57,19:Javier Wang:35.80,20:Chau Almeida:39.48,21:Bilal Cruz:34.17,22:Miguel Boudjema:43.45,23:Hazel Tran:55.65,24:Arthur Perez:38.17,25:Noah Tanaka:44.89,26:Erica Cruz:34.02,27:Sofia Kovacs:48.47,28:Tristan Moreau:44.30,29:Clement Cherif:34.05,30:Akira Rossi:36.68,31:Elsa Garnier:54.16,32:Austin Chen:52.97,33:Aki Kovacs:46.59
4099,Tours,Nice,22/04/2026,0945,2211,1:Madison Santos:40.10,2:Bilal Cruz:49.01,3:Kofi Suzuki:42.47,4:Taro Doan:43.48,5:Carmen Fernandez:53.45,6:Zachary Popov:50.69,7:Louis Kim:53.92,8:Margaux Dupont:34.29,9:Zoe Perez:47.54,10:Santiago Abebe:51.90,11:Aisha Hussein:32.77
6213,Toulouse,Tours,23/05/2026,1115,1914,1:Valentine Martinez:43.36,2:Youssef Popov:42.10,3:Bilal Cruz:50.04,4:Romain Schulz:47.28,5:Hassan Liu:50.55,6:Finn Johnson:35.09,7:Jackson Wang:34.30,8:Sora Weber:49.10,9:Kenza Pereira:39.83,10:Celeste Ramirez:51.78,11:Emi Wang:46.02,12:Nicolas Ouattara:58.20,13:Louis Singh:39.41,14:Fode Fournier:42.20,15:Silas Sokolov:44.55,16:Amine Rossi:39.53,17:Mehdi Bernard:57.78,18:Finn Wilson:41.10,19:Austin Haddad:33.34,20:Zane Suzuki:50.22,21:Javier Sato:56.03,22:Ryan Rossi:34.43,23:Nala Fournier:45.10,24:Finn Weber:46.15,25:Minh Smith:58.14,26:Baptiste Rossi:55.43,27:Lucia Rizzo:44.19,28:Zola Schmidt:44.09
8496,Saint-Etienne,Lyon,13/03/2026,2115,2309,1:Mei Kovacs:15.06,2:Manon Gomez:19.70,3:Mehdi Ali:20.14,4:Simon Chen:21.09,5:Kofi Cruz:22.01,6:Camille Alves:12.97,7:Dylan Perez:18.45,8:Austin Moussa:18.61,9:Celeste Bianchi:19.46,10:Javier Bianchi:14.57,11:Kenza Traore:19.27
8530,Angers,Montpellier,16/07/2026,2130,0601,1:Celeste Bianchi:51.70,2:Imani Alves:33.30,3:Corey Taylor:33.32,4:Skylar Popov:42.58,5:Bjorn Thomas:49.41,6:Chloe Garcia:38.22,7:Nicolas Ouattara:41.85,8:Awa Laurent:32.75,9:Daiki Clark:37.36,10:Alessio Ferrari:55.98,11:Santiago Robert:46.51,12:Yumi Nkosi:58.08,13:Emma Sokolov:53.15,14:Valentine Smith:46.27,15:Ulysse Liu:45.48,16:Willow Ali:35.79,17:Rayan Torres:51.89,18:Jian Robert:51.01,19:Miguel Yamamoto:41.94,20:Harper Boudjema:46.42,21:Quentin Leroy:33.84,22:Quentin Wilson:41.12,23:Samira Ramirez:37.38,24:Yumi Zimmermann:53.04,25:Lucia Kovacs:47.07,26:Youssef Almeida:33.55,27:Natalia Moore:53.21,28:Awa Klein:48.73,29:Miguel Clark:50.75,30:Ryan Cherif:54.81,31:Chloe Lefevre:43.60,32:Amandine Haddad:39.64
1303,Grenoble,Lille,01/12/2026,1445,2124,1::,2:Taylor Moore:38.05,3:Sana Lee:52.02,4::,5:Zola Torres:35.40,6:Kofi Ndiaye:30.80,7:Corey Yamamoto:39.16,8:Elena Laurent:38.64,9:Pablo Clark:35.97,10:Jian Ramirez:39.23,11:Arthur Robert:37.11,12:Sana Park:36.26,13:Kwame Weber:42.76,14:Ricardo Liu:48.42,15:Theo Tanaka:49.26,16:Kofi Muller:33.34,17:Sana Zhang:50.01,18:Rose Vasiliev:48.84,19:Elena Ali:32.20,20:Adrien Santos:50.35,21:Yumi Nkosi:38.15,22:Mehdi Sato:50.83,23:Arthur Cherif:51.82,24:Brenda Ouattara:39.30,25:Romain Gallo:46.90,26:Oceane Singh:48.93,27::,28:Jeanne Wagner:46.72,29:Willow Vo:32.83,30:Igor Park:33.79,31:Bilal Le:50.29,32:Jason Klein:49.21,33:Yumi Wilson:43.08,34:Rose Ramirez:36.12,35:Imani Ahmed:52.30,36:Yara Oliveira:34.18,37::,38:Ines Dubois:44.39,39:Ryo Doan:48.66,40::,41:Silas Hussein:44.52,42:Miguel Schmidt:51.28,43:Carmen Faure:34.45,44:Natalia Weber:40.66,45:Santiago Clark:52.91,46:Sara Cruz:36.43,47::,48:Zola Garcia:35.68
5470,La Rochelle,Grenoble,25/05/2026,0915,1608,1:Valentine Davis:48.06,2:Ulysse Morozov:43.89,3:Juan Miller:43.26,4:Kai Bianchi:37.42,5:Kenza Perez:41.45,6:Katya Bianchi:33.28,7:Kai Rodrigues:42.01,8:Yasmine Pereira:30.31,9:Karim Fahmi:42.41,10:Santiago Zimmermann:52.03,11:Taro Pham:39.65,12:Omar Martinez:37.70,13:Quentin Novak:44.12,14:Lea Conti:38.06,15:Olivia Kim:31.10,16:Chen Cherif:43.88,17:Nicolas Yamamoto:41.84,18:Gabriel Ouattara:38.66,19:Hana Klein:32.50,20:Corey Moreau:52.44,21:Chau Bianchi:31.62,22:Bilal Torres:37.62,23:Sergei Rossi:40.33,24:Youssef Doan:43.41,25:Arthur Garnier:51.94,26:Mateo Oliveira:32.00,27:Zola Cherif:38.10,28:Oceane Boudjema:43.91,29:Samira Sokolov:35.58,30:Kofi Williams:44.06,31:Jeanne Doan:34.74,32:Alessio Ziane:49.09,33:Yara Miller:32.56,34:Madison Moussa:36.25,35:Igor Popov:34.29,36:Oceane Vidal:49.87,37:Li Wilson:39.43,38:Jackson Diop:51.74,39:Amandine Fahmi:51.74,40:David Robert:37.58,41:Chau Wang:38.20
5085,Limoges,La Rochelle,13/11/2026,0600,0821,1:Rayan Dubois:18.51,2:Chloe Weber:14.34,3:Aicha Robert:13.20,4:Manon Rizzo:22.19,5:Driss Cruz:20.54,6:Alice Martin:17.17,7:Jules Garcia:16.92,8:Yara Miller:17.94,9:Bilal Torres:19.27,10:Mehdi Wilson:17.00,11:Nour Sousa:14.18,12:Quentin Chung:15.61,13:Mateo Laurent:13.61,14:Manon Clark:14.58,15:Mateo Huang:14.76,16:Maria Roux:16.48,17:Nicolas Wong:19.70,18:Kenza Khelifi:20.69,19:Amandine Robert:20.90,20:Fode Park:17.81,21:Javier Haddad:21.68,22:Jeanne Kuznetsov:19.26,23:Natalia Lefevre:14.21,24:Pierre Morozov:18.29,25:Manon Novak:18.80,26:Fode Moussa:16.51,27:Jules Cherif:18.49,28:Hassan Klein:18.99,29:Chen Robert:21.07,30:Driss Yamamoto:14.82,31:Zachary Wong:22.21,32:Rose Haddad:14.61,33:Zachary Moussa:15.69,34:Kenji Cherif:18.76,35:Sora Silva:18.75,36:Nicolas Miller:17.51,37:Alice Leroy:18.76,38:Erica Singh:18.73,39:Hugo Wilson:21.02,40:Pierre Moussa:21.73,41:Dmitri Lee:22.28,42:Sana Martin:14.74,43:Miguel Pereira:17.25
2564,Nice,Strasbourg,31/07/2026,1845,2358,1:Miguel Schmidt:35.99,2:Nour Morozov:25.70,3:Simon Ndiaye:26.53,4:Mateo Wang:32.96,5:Daiki Bianchi:40.96,6:Igor Muller:41.95,7:Manon Clark:32.29,8:Jason Ramirez:40.74,9:Manon Taylor:25.00,10:Corey Laurent:39.21,11:Wei Ferrari:33.15,12:Sergei Ramirez:35.47,13:Quentin Schulz:38.13,14:Karim Zhang:35.12,15:Gabriel Yamamoto:24.65,16:Daiki Kim:24.37,17:Taro Doan:36.32,18:Finn Fernandez:39.15,19:Lucas Clark:39.47,20:Silas Brown:34.91,21:Oceane Lee:42.78,22:Jian Ramirez:24.18,23:Manon Rizzo:24.59,24:Yara Clark:34.80,25:Kwame Weber:28.22,26:Minh Schulz:36.41,27:Katya Khelifi:39.04,28:Kenza Chen:30.71,29:Chau Khan:40.03,30:Pablo Richard:25.46,31:David Le:25.77,32:Paul Diop:39.69,33:Zachary Haddad:26.33,34:Sofia Wang:35.22
2915,Reims,Marseille,14/10/2026,0600,1129,1:Katya Doan:39.72,2:Mei Nguyen:35.82,3:Zoe Vidal:40.07,4:Jeanne Kuznetsov:26.57,5:Ryan Vidal:30.44,6:Karim Sanchez:26.08,7:Rayan Singh:32.50,8:Jules Liu:34.37,9:Samira Tran:27.86,10:Chloe Laurent:35.92,11:Wei Benali:24.93,12:Jian Torres:33.57,13:Aicha Muller:39.36,14:Hugo Martin:42.16,15:Theo Taylor:39.43,16:Jason Greco:44.60,17:Nicolas Ali:25.48,18:Lucas Simon:36.61,19:Willow Mohamed:25.20,20:Omar Lopez:26.00,21:Jian Pham:27.88,22:Sana Lee:30.04,23:Alessio Boudjema:33.34,24:Youssef Schmidt:25.25,25:Simon Fernandez:30.81,26:Katya Almeida:37.16,27:Alice Tanaka:25.21,28:Chloe Conti:39.30
4122,Montpellier,Paris,20/08/2026,1500,0159,1:Sana Lefevre:33.09,2:Katya Bianchi:47.83,3:Chen Morozov:55.87,4:Omar Lopez:47.97,5:Tristan Popov:58.25,6:Margaux Weber:37.70,7:Zoe Ali:38.06,8:Romain Santos:51.77,9:Chau Huang:34.60,10:Thao Ahmed:39.79,11:Orion Faure:48.69
4330,Perpignan,Saint-Etienne,10/09/2026,1730,0127,1:Chloe Kovacs:35.37,2:Natalia Davis:41.43,3:Alice Huang:32.64,4:Lea Weber:55.01,5:Isabella Popov:48.79,6:Kenji Cherif:51.31,7:Harper Moreau:53.50,8:Yara Kovacs:52.81,9:Fode Moussa:45.11,10:Hana Silva:39.46,11:David Santos:35.10,12:Rayan Johnson:54.66,13:Sergei Perez:45.74,14:Dylan Roux:42.51,15:Elena Richard:41.00,16:Ryan Rossi:51.77,17:Kenza Vidal:53.63,18:Nicolas Khelifi:42.81,19:Austin Nkosi:41.51,20:Kenza Fahmi:54.61,21:Kai Liu:51.03,22:Baptiste Rodriguez:52.04,23:Taro Zimmermann:47.22,24:Erica Lopez:47.41,25:Rayan Greco:39.64,26:Thao Gallo:40.55,27:Jason Klein:36.90,28:Zachary Wong:51.46,29:Quentin Wilson:43.46,30:Pablo Diop:49.39,31:Amine Dupont:50.21,32:Dmitri Wagner:33.90
9464,Le Mans,Marseille,08/06/2026,2100,0550,1:Adrien Conti:33.88,2:Awa Kuznetsov:43.47,3:Leila Greco:58.20,4:Sonia Boudjema:55.44,5:Emi Cisse:47.26,6:Igor Moussa:40.48,7:Isabella Dupont:42.80,8:Madison Lee:33.48,9:Maria Torres:38.40,10:Arthur Garnier:56.74,11:Kenza Weber:52.77,12:Ricardo Vidal:58.48,13:Lea Diallo:57.90,14:Pablo Robert:48.02,15:Sana Doan:42.23,16:Erica Tanaka:58.26,17:Austin Garcia:33.54,18:Lucas Oliveira:41.77,19:Theo Tanaka:35.65,20:Gabriel Rodrigues:45.04,21:Miguel Wagner:48.39,22:Liam Fernandez:51.21,23:Quentin Santos:49.29,24:Hassan Pereira:52.61,25:Corey Yamamoto:52.73,26:Daiki Martinez:53.92,27:Thao Khan:52.41,28:Skylar Nguyen:35.57,29:Nicolas Ouattara:47.95,30:Katya Bianchi:38.45,31:Aki Vo:50.17,32:Ines Dubois:45.41,33:Rose Ramirez:40.26,34:Aki Huang:36.74,35:Fode Perez:43.58,36:Clement Ivanov:36.49,37:Imani Petrov:44.19,38:Alice Martin:41.73,39:Leila Vo:39.99,40:Lucas Cherif:50.00,41:Clement Moore:48.06
8180,Marseille,Toulouse,14/08/2026,0930,1411,1::,2:Lian Cherif:38.13,3:Ryo Rizzo:26.30,4:Leila Ndiaye:34.26,5:Valentine Durand:36.39,6:Aicha Garnier:28.87,7:Jeanne Tanaka:37.61,8:Sora Russo:24.70,9:Chloe Fernandez:31.91,10:Minh Doan:32.64,11:Mateo Oliveira:31.85,12:Mei Ferrari:29.14,13:Manon Zimmermann:,14:Jeanne Russo:27.97,15:Omar Singh:22.57,16:Mateo Kuznetsov:,17:Amandine Haddad:38.17,18:Chen Robert:,19::,20:Liam Pereira:25.00,21:Oceane Bruno:37.50,22::,23:Madison Sylla:37.22,24:Daiki Dupont:36.16,25:Omar Moreau:24.66,26:Hazel Lefevre:36.86,27:Ethan Cisse:35.46
3431,Paris,Rennes,26/12/2026,1930,0143,1:Felix Khan:44.02,2:Minh Rossi:45.79,3:Nala Simon:51.66,4:Santiago Zimmermann:29.78,5:Felix Zimmermann:37.88,6:Aicha Wong:41.65,7:Miguel Sylla:30.86,8:Rayan Greco:49.59,9:Imani Nkosi:49.50,10:Igor Cisse:34.17,11:Margaux Ribeiro:50.10,12:Elena Ali:35.19,13:Sergei Gallo:51.47,14:Alessio Ali:39.62,15:Hana Gallo:31.89,16:Ryan Moreau:34.19,17:Harper Fahmi:47.09,18:Lucas Khelifi:33.39,19:Madison Tanaka:48.06,20:Manon Gomes:32.92,21:Miguel Boudjema:,22:Chen Ziane:40.24,23:Rayan Davis:41.50,24:Aisha Ali:38.02,25:Madison Moussa:38.27,26:Jules Mohamed:40.98,27:Victor Diop:50.14,28:Driss Perez:45.19,29:Aki Huang:48.45,30:Mehdi Roux:50.29,31:Sophie Sousa:,32:Simon Yamamoto:29.90
2589,Clermont-Ferrand,Grenoble,04/08/2026,1315,1640,1:Sekou Pereira:20.97,2:Youssef Abebe:26.59,3:Emma Cherif:22.38,4:Omar Doan:21.09,5:Elsa Ali:28.89,6:Fiona Petit:22.49,7:Bilal Cruz:29.51,8:Zachary Vo:24.51,9:Finn Weber:17.22,10:Alessio Ali:21.78,11:Orion Pereira:25.71,12:Zoe Fahmi:27.71,13:Eloise Wilson:21.81,14:Alessio Ouattara:18.54,15:Quentin Fernandez:25.39,16:Brenda Kovacs:28.48,17:Pierre Diallo:20.54,18:Fode Perez:24.36,19:Pablo Richard:18.25,20:Zane Almeida:24.97,21:Pierre Yamamoto:19.77,22:Youssef Sousa:20.49,23:Rayan Perez:22.18,24:Skylar Gallo:26.57,25:Rose Moussa:17.21,26:Pierre Rodriguez:22.17,27:Samira Rossi:26.75,28:David Cherif:19.91,29:Chloe Laurent:29.04,30:Skylar Nguyen:25.86,31:Akira Gomes:24.71
5486,Metz,Toulouse,11/04/2026,1645,0148,1:Yasmine Kuznetsov:46.14,2:Sergei Ribeiro:38.98,3:Li Faure:57.07,4:Ryan Martin:53.90,5:Skylar Davis:35.97,6:Tristan Chung:34.61,7:Theo Le:44.64,8:Chen Wong:44.81,9:Jian Robert:41.40,10:Aicha Wang:39.82,11:Fode Conti:42.18,12:Minh Smith:49.95,13:Kwame Perez:34.85,14:Celeste Chung:49.22,15:Pierre Diallo:38.83,16:Kenza Weber:38.83,17:Kenji Boudjema:47.10,18:Elena Lopez:37.66,19:Imani Nkosi:52.81,20:Maria Traore:56.83,21:Alessio Almeida:40.89,22:Hana Ali:36.98,23:Valentine Yamamoto:33.25,24:Mei Dubois:50.79,25:Noah Diop:38.19,26:Daiki Sousa:43.89,27:Paul Diop:33.61,28:Hana Bianchi:38.92,29:Kenza Kim:44.57,30:Madison Diop:53.47,31:Minh Rizzo:33.39,32:Eloise Suzuki:47.31
5836,Paris,Rennes,01/08/2026,1045,1619,1:Quentin Nkosi:43.47,2:Sofia Diop:45.25,3:Louis Singh:34.45,4:Ricardo Dubois:28.63,5:Madison Gomes:31.43,6:Jian Diop:41.94,7:Amine Gomez:45.37,8:Yasmine Zhang:40.45,9:Chau Torres:34.10,10:Yara Doan:40.99,11:Manon Bianchi:28.93,12:Valentine Khelifi:29.83,13:Hassan Gomez:45.41,14:Hugo Miller:28.10,15:Lucia Weber:36.56,16:Silas Ziane:30.62,17:Isabella Dupont:30.84,18:Amine Weber:30.55,19:Dylan Moreau:30.58,20:Arthur Robert:46.43,21:Silas Simon:26.42,22:Sofia Wang:39.77,23:Lian Cruz:39.68,24:Rose Novak:28.13,25:Kofi Roux:35.62,26:Simon Yamamoto:29.32,27:Felix Wagner:28.61,28:Jules Torres:33.45,29:Camille Rizzo:45.47,30:Kofi Pereira:36.98,31:Finn Kowalski:42.60,32:Felix Garnier:35.12,33:Bilal Ali:30.25
8984,Saint-Etienne,Lille,01/06/2026,0715,1308,1:Nicolas Doan:41.43,2:Arthur Perez:29.38,3:Karim Sousa:29.18,4:Santiago Sanchez:48.04,5:Li Benali:39.40,6:Arthur Khan:36.44,7:Awa Sokolov:38.69,8:Harper Miller:34.12,9:Samira Bianchi:31.54,10:Lian Pereira:39.17,11:Lian Sokolov:32.03,12:Lucas Suzuki:38.80,13:Romain Lopez:43.97,14:Kenza Davis:49.00,15:Elena Oliveira:38.86,16:Natalia Martinez:46.12,17:Manon Dupont:47.34,18:Elena Lopez:48.24,19:Mehdi Laurent:32.35,20:Lucas Novak:44.55,21:Quentin Fernandez:38.10,22:Felix Ferrari:31.11,23:Silas Tran:30.86,24:Aicha Wong:41.88,25:Gabriel Lee:49.16,26:Silas Torres:40.97,27:Finn Russo:32.32,28:Ethan Ferrari:46.04,29:Arthur Durand:46.21,30:Farah Thomas:45.92,31:Noah Lopez:32.75
9623,Tours,Brest,21/10/2026,2030,0226,1:Zola Johnson:30.16,2:Arthur Perez:38.26,3:Mei Nkosi:29.74,4:Ulysse Morozov:40.31,5:Ryo Doan:37.82,6:Mateo Abebe:31.99,7:Hassan Bruno:39.82,8:Manon Nkosi:36.44,9:Celeste Boudjema:29.77,10:Sophie Cruz:30.53,11:Fode Khelifi:33.52,12:Bjorn Tran:42.72
5447,Le Mans,Brest,02/11/2026,1500,2044,1:Kwame Vidal:31.50,2:Isabella Popov:31.95,3:Clement Lee:34.20,4:Kenza Pereira:43.03,5:Finn Cisse:26.51,6:Daiki Garcia:35.24,7:Valentine Bianchi:28.31,8:Austin Haddad:27.74,9:Emma Cherif:37.65,10:Dmitri Le:36.10,11:Chen Diallo:40.83,12:Romain Schulz:27.19,13:Ricardo Liu:27.57,14:Natalia Martinez:41.76,15:Arthur Ivanov:26.59,16:Harper Ndiaye:27.06
5478,Saint-Etienne,Dijon,09/12/2026,1730,2022,1:Zachary Chung:21.60,2:Skylar Bruno:22.51,3:Clement Zimmermann:24.69,4:Harper Ramirez:23.54,5:Thao Moreau:16.86,6:Javier Sato:26.25,7:Chau Bianchi:25.27,8:Leila Vo:18.20,9:Ryan Moreau:26.13,10:Rayan Novak:23.28
8236,Rennes,Montpellier,01/04/2026,0815,1731,1:Aisha Bruno:53.02,2:Zoe Tanaka:34.35,3:Mateo Vasiliev:33.12,4:Quentin Chung:44.00,5:Rose Thomas:49.23,6:Clement Sato:39.02,7:Santiago Sanchez:57.36,8:Jason Fournier:56.71,9:Silas Smith:42.76,10:Sophie Popov:53.96,11:Zachary Cisse:41.48,12:Yumi Zimmermann:35.90,13:Samira Bruno:35.88,14:Tristan Popov:56.18,15:Liam Alves:42.38,16:Fode Moussa:48.72,17:Lucia Esposito:56.06,18:Samira Russo:55.11,19:Ulysse Vo:57.81,20:Hassan Martin:35.94,21:Imani Williams:45.39,22:Zachary Vo:33.89,23:Samira Rossi:53.25,24:Nicolas Wong:34.07,25:Mehdi Wilson:35.02,26:Skylar Ribeiro:46.20,27:Jeanne Moreau:53.64,28:Theo Gomes:36.49,29:Brenda Simon:47.88,30:Thao Moreau:37.14,31:Orion Laurent:35.05
2631,La Rochelle,Montpellier,12/02/2026,1100,1830,1:Madison Kowalski:52.29,2:Taro Ziane:57.50,3:Javier Haddad:39.74,4:Carmen Miller:54.50,5:Akira Wang:37.35,6::,7:Miguel Ndiaye:,8:Sophie Chung:55.49,9:Hana Wagner:,10:Theo Gomes:52.45,11::,12:Karim Sousa:33.82,13::,14:Sonia Greco:47.59,15:Natalia Morozov:34.87,16:Hugo Dubois:48.32,17:Taro Wilson:50.27,18:Olivia Pereira:35.46,19:Farah Wilson:58.16,20::,21:Igor Morozov:36.49,22:Daiki Bianchi:46.27,23:Samira Ramirez:54.35,24:Kofi Martin:,25:Omar Kovacs:50.32,26:Zachary Zimmermann:35.44,27:Li Zhang:50.31,28:Sofia Chen:48.31,29:Harper Ferrari:44.11,30:Corey Yamamoto:39.91,31:Amandine Perez:58.46,32:Wei Ferrari:42.39,33:Isabella Le:34.31,34:Amandine Robert:55.05
7786,Dijon,Nantes,03/11/2026,1900,0331,1:Alice Huang:55.26,2:Yumi Liu:39.11,3:Sora Haddad:39.93,4:Lucia Simon:52.17,5:Pierre Rodriguez:49.32,6:Jackson Sanchez:50.86,7:Fode Faure:40.95,8:Minh Doan:35.44,9:Mateo Brown:41.13,10:Nicolas Ahmed:35.97,11:Oceane Boudjema:36.79,12:Wei Lefevre:54.24,13:Thao Ahmed:50.54
6898,La Rochelle,Marseille,21/07/2026,0715,1507,1:Yumi Wilson:34.48,2:Elsa Park:38.32,3:Sonia Bernard:36.87,4:Louis Singh:50.84,5:Celeste Park:38.08,6:Driss Greco:54.17,7:Lucas Greco:53.76,8:Quentin Chung:35.54,9:Zane Johnson:33.22,10:Karim Faure:52.02
1416,Angers,Marseille,30/11/2026,1145,2015,1:Karim Faure:42.98,2:Ryo Perez:53.61,3:Lea Conti:43.33,4:Sergei Sokolov:34.96,5:Amandine Conti:37.58,6:Miguel Greco:48.92,7:Noah Gallo:36.05,8:Bjorn Tran:46.75,9:Yumi Wang:46.67,10:Noah Vo:36.07,11:Mei Dubois:43.93,12:Gabriel Sanchez:33.87,13:Camille Ramirez:45.75,14:Aisha Martinez:40.63,15:Kofi Khan:32.53,16:Ulysse Torres:38.21,17:Carmen Sato:53.27,18:Omar Moreau:41.45,19:Alessio Moreau:33.85,20:Rose Nkosi:45.02,21:Li Abebe:35.76,22:Lucia Vo:41.80,23:Daiki Clark:46.59,24:Oceane Lee:57.21,25:Taylor Cruz:57.95,26:Jackson Kim:56.76,27:Li Benali:41.61,28:Manon Wagner:57.82,29:Harper Martin:51.95,30:Pierre Moussa:33.79,31:Oceane Boudjema:42.40,32:Ulysse Vidal:37.45,33:Harper Moreau:33.38,34:Minh Schulz:35.27,35:Gabriel Fahmi:41.25
8008,Rennes,Montpellier,29/04/2026,1130,2020,1:Akira Abebe:37.86,2:Lucia Diop:52.52,3:Madison Gomes:34.31,4:Nour Brown:41.38,5:Nala Esposito:40.92,6:Driss Greco:58.25,7:Sophie Popov:51.84,8:Kofi Petit:42.16,9:Olivia Ribeiro:54.95,10:Jian Esposito:45.24,11:Farah Le:47.31,12:Li Martinez:46.41,13:Willow Vo:35.31,14:Natalia Ali:33.35
4313,Rennes,Montpellier,04/02/2026,1400,2334,1:Rose Smith:56.96,2:Driss Bernard:36.92,3:Jules Cherif:49.12,4:Mehdi Schmidt:40.47,5:Simon Taylor:45.57,6:Jackson Martinez:50.61,7:Elena Liu:33.09,8:Ryo Michel:49.76,9:Fode Moussa:41.47,10:Zola Martin:41.79,11:Maria Smith:35.91,12:Liam Fernandez:53.66,13:Omar Moreau:55.52,14:Sana Doan:54.73,15:Igor Muller:53.13,16:Isabella Sanchez:57.30,17:Mateo Wang:58.14,18:Margaux Schmidt:52.37,19:Nicolas Zimmermann:36.25,20:Corey Weber:48.05
5253,Marseille,Paris,28/06/2026,0930,2014,1:Manon Dupont:33.67,2:Ricardo Nkosi:45.40,3:Minh Sato:37.70,4:Finn Cisse:46.16,5:Arthur Garnier:39.41,6:Harper Ferrari:53.04,7:Sora Petrov:32.66,8:Lea Conti:46.52,9:Pierre Morozov:52.76,10:Yasmine Alves:45.84,11:Hazel Brown:45.85,12:Thao Singh:32.51,13:Sekou Cherif:45.04,14:Felix Garcia:56.57,15:Tristan Tran:48.86,16:Olivia Khelifi:45.46,17:Victor Singh:38.29,18:Valentine Chung:42.68,19:Nala Moore:51.40,20:Hana Pereira:45.00,21:Aisha Traore:47.02,22:Kai Michel:40.65,23:Bilal Le:52.74,24:Austin Santos:42.43,25:Madison Sylla:39.64,26:Chloe Brown:49.38,27:Kenza Schulz:34.62,28:Nicolas Wong:34.39
4961,Reims,Toulouse,27/08/2026,1630,0022,1:Valentine Ndiaye:56.97,2:Emma Vidal:49.95,3:Aisha Hussein:44.18,4:Gabriel Yamamoto:55.53,5:Kwame Khelifi:45.56,6:Juan Russo:32.75,7:Zola Diop:43.83,8:Ricardo Rodriguez:41.17,9:Harper Ramirez:47.79,10:Rose Schmidt:33.34,11:Jason Greco:54.38,12:Skylar Gallo:39.64,13:Ryo Klein:42.75,14:Mehdi Roux:37.03,15:Camille Santos:51.28,16:Carmen Petrov:43.54,17:Farah Nkosi:40.11,18:Liam Pereira:47.77,19:Orion Lefevre:39.94,20:Ryo Williams:43.53,21:Finn Cisse:55.14,22:Imani Kuznetsov:56.93,23:Celeste Lee:54.69,24:Ulysse Nguyen:44.63,25:Thao Khan:43.47,26:Olivia Weber:40.41,27:Youssef Abebe:54.31,28:Imani Chung:41.25,29:Liam Pereira:58.43,30:Akira Abebe:33.64
7662,Paris,La Rochelle,11/12/2026,1415,2227,1:Sofia Davis:42.44,2:Felix Garnier:39.95,3:Katya Lee:40.83,4:Tristan Wang:44.99,5:Simon Moore:58.44,6:Samira Petit:37.37,7:Dmitri Lee:50.91,8:Elena Ziane:41.37,9:Erica Morozov:50.12,10:Elena Ali:54.56,11:Sophie Cherif:52.59,12:Samira Wong:56.70,13:Sofia Gomez:34.02,14:Willow Simon:51.14,15:Lea Tran:38.40,16:Ulysse Kovacs:33.96,17:Manon Perez:39.21,18:Simon Brown:40.72,19:Victor Diop:37.75,20:Dmitri Bruno:52.55,21:Jules Miller:38.63,22:Brenda Dubois:46.08,23:Miguel Schmidt:35.90,24:Kimberly Schmidt:33.60,25:Hana Williams:51.11,26:Li Le:50.21,27:Noah Conti:53.66,28:Mateo Fernandez:51.26
2435,Paris,Clermont-Ferrand,15/07/2026,1915,0056,1:Hana Pereira:35.80,2:Simon Moore:34.97,3:Omar Kovacs:25.66,4:Austin Moore:35.52,5:Fiona Davis:40.98,6:Nicolas Greco:25.39,7:Taro Pham:42.10,8:Arthur Robert:27.62,9:Chloe Garcia:23.87,10:Emma Sokolov:37.69,11:Eloise Suzuki:32.33,12:Margaux Diallo:37.42,13:Ryo Klein:41.00,14:Sora Haddad:35.99,15:Santiago Sanchez:36.55,16:Zachary Zimmermann:40.64,17:Samira Rossi:33.41,18:Taro Doan:25.85,19:Jason Ndiaye:40.58,20:Erica Mohamed:36.81,21:Aki Vo:26.25,22:Chen Yamamoto:40.95,23:Sekou Bianchi:25.92,24:Orion Lefevre:35.22,25:Chen Cherif:34.74,26:Kai Bianchi:37.65,27:Pierre Garnier:33.43,28:Madison Santos:39.76,29:Manon Dubois:33.44,30:Kenji Leroy:31.57,31:Lian Lee:24.22,32:Lian Cruz:27.69,33:Valentine Singh:37.02,34:Karim Nguyen:25.97,35:Sophie Popov:29.08,36:Lucia Huang:27.57,37:David Thomas:31.17,38:Karim Faure:29.80,39:Chloe Conti:40.10,40:Hassan Liu:29.58,41:Pierre Diallo:34.39,42:Isabella Park:26.18,43:Elsa Greco:40.09,44:Jeanne Ahmed:29.64,45:Li Gomes:27.41,46:Nala Esposito:30.85,47:Sekou Haddad:41.46,48:Orion Tran:42.72,49:Zane Suzuki:33.57,50:Nour Smith:26.95,51:Mei Liu:28.91
5146,La Rochelle,Grenoble,09/12/2026,1530,2316,1:Fiona Park:47.50,2:Pierre Garnier:43.71,3:Olivia Kuznetsov:43.88,4:Ethan Weber:40.45,5:Zola Martin:40.99,6:David Le:44.98,7:Rose Garcia:47.43,8:Fode Faure:40.75,9:Adrien Kuznetsov:48.17,10:Bjorn Gallo:53.83,11:Austin Nkosi:51.70,12:Thao Moreau:33.97,13:Hazel Traore:55.27,14:Youssef Popov:51.47,15:Rose Ramirez:57.13,16:Akira Wang:42.05,17:Taro Ziane:36.87,18:Hassan Rodriguez:33.11,19:Kenza Schulz:36.03,20:Rayan Torres:41.50,21:Nour Sousa:48.84,22:Simon Fernandez:46.79,23:Pierre Morozov:46.39,24:Igor Muller:57.70,25:Amandine Robert:44.14,26:Aki Vo:54.92,27:Aki Kovacs:34.85,28:Sana Durand:35.73
8472,Nice,Dijon,01/08/2026,1500,2241,1:Chau Kovacs:52.45,2:Austin Gomes:57.23,3:Lea Roux:46.29,4:Sana Liu:42.62,5:Malika Suzuki:36.03,6:Felix Muller:53.76,7:Akira Rossi:43.99,8:Lian Ferrari:42.44,9:Baptiste Pham:51.65,10:Sofia Pham:45.75,11:Kenji Rizzo:42.05,12:Chloe Ferrari:49.69,13:Ines Pereira:57.58,14:Yara Hussein:47.50,15:Jian Robert:50.13,16:Arthur Khan:44.98,17:Baptiste Wong:40.49,18:Jason Greco:55.74,19:Willow Khelifi:36.57,20:Imani Alves:50.00,21:Harper Boudjema:46.00,22:Daiki Bianchi:47.27,23:Natalia Mohamed:50.68,24:Sonia Michel:47.32,25:Driss Laurent:35.27,26:Hassan Pham:42.51,27:Jeanne Kovacs:43.11,28:Sophie Taylor:33.26,29:Jackson Silva:54.31
3030,Reims,Angers,08/08/2026,1900,0405,1:Zachary Wong:40.74,2:Youssef Doan:51.09,3:Juan Lefevre:51.09,4:Ines Schmidt:50.29,5:Fiona Simon:57.96,6:Mateo Laurent:55.12,7:Corey Martin:39.14,8:Hana Miller:55.58
8211,Saint-Etienne,Reims,07/04/2026,1700,2020,1:Awa Schmidt:27.39,2:Minh Sanchez:27.42,3:Felix Esposito:27.88,4:David Le:21.32,5:Celeste Chung:26.15,6:Nour Singh:21.26,7:Felix Schmidt:24.76,8:Sophie Benali:28.39,9:Eloise Fahmi:19.11,10:Emma Miller:18.31,11:Kai Michel:28.62,12:Aicha Vidal:17.29,13:Hassan Klein:26.43,14:Sana Smith:21.46,15:Sergei Dubois:27.00,16:Natalia Perez:28.74,17:Leila Kuznetsov:25.24,18:Minh Fahmi:26.48,19:Lucas Clark:20.09,20:Sophie Clark:29.74,21:Kenji Russo:21.81,22:Natalia Muller:18.43,23:Sofia Klein:18.38,24:Dmitri Bruno:30.22,25:Daiki Clark:25.79,26:Zane Davis:25.58,27:Driss Almeida:24.52,28:Ryo Rizzo:21.45,29:Madison Lee:17.54
5935,Toulouse,Lyon,23/06/2026,1415,2207,1:Imani Zhang:53.74,2:Adrien Garnier:53.55,3:Lea Conti:50.28,4:David Esposito:48.39,5:Ryan Cherif:34.01,6:Adrien Laurent:44.80,7:Yara Laurent:34.68,8:Aicha Laurent:42.60,9:Sonia Tran:45.09,10:Isabella Durand:47.48,11:Victor Zimmermann:37.21,12:Bilal Ivanov:48.53,13:Dmitri Klein:37.64,14:Kimberly Schmidt:51.51,15:Ryo Perez:41.20,16:Margaux Schmidt:34.17,17:Chen Morozov:40.43,18:Gabriel Muller:42.58,19:Javier Wang:35.83,20:Kofi Wilson:40.60,21:Kenza Pereira:46.12,22:Elsa Greco:40.64,23:Fode Boudjema:36.36,24:Miguel Alves:35.08,25:Lian Diallo:49.64,26:Juan Fernandez:37.30,27:Taro Doan:51.54,28:Mehdi Schmidt:42.69,29:Romain Zimmermann:36.21,30:David Simon:39.57,31:Ryan Williams:33.15,32:Youssef Chung:58.41,33:Mei Ferrari:36.63,34:Margaux Conti:45.09,35:Skylar Bruno:49.20
7207,Angers,Brest,16/05/2026,1600,1926,1:Sekou Santos:31.73,2:Theo Bruno:20.36,3:Pierre Traore:24.17,4:Oceane Huang:27.60,5:Amine Torres:28.79,6:Ricardo Liu:20.41,7:Taylor Cruz:31.24,8:Alessio Wong:23.33,9:Maria Rodriguez:28.95,10:Pierre Yamamoto:26.88,11:Ryan Moreau:26.61,12:Kenji Mohamed:24.34,13:Rose Martin:31.16,14:Zola Sylla:30.45,15:Omar Lopez:20.73,16:Youssef Simon:31.13,17:Yara Clark:25.02,18:Chen Cherif:18.07,19:Akira Miller:29.74,20:Ulysse Sokolov:21.77,21:Nour Wang:30.59,22:Nicolas Wong:24.38,23:Fiona Garnier:29.27,24:Paul Moussa:22.76,25:Ryan Ivanov:21.84,26:Sophie Taylor:28.32,27:Theo Yamamoto:29.67,28:Lucas Diop:31.17,29:Chau Wang:30.38,30:Li Le:18.46
1103,Tours,Toulouse,01/10/2026,1645,0121,1:Taro Doan:51.65,2:Amandine Perez:45.46,3:Imani Ahmed:44.42,4:Carmen Petrov:50.22,5:Rayan Singh:57.04,6:Lucas Suzuki:41.17,7:Pierre Gallo:50.70,8:Erica Cruz:36.99,9:Sergei Ramirez:48.95,10:Liam Pereira:47.69,11:Madison Khan:44.10,12:Fode Khelifi:35.58,13:Alessio Haddad:43.92,14:Nala Garnier:58.40,15:Samira Tran:45.25,16:Isabella Sanchez:50.35,17:Thao Ahmed:45.07,18:Zoe Vidal:42.22,19:Elsa Kuznetsov:57.65,20:Mei Tanaka:33.57,21:Aki Kovacs:45.92,22:Sonia Huang:40.80,23:Jules Bernard:33.19,24:Chau Ali:41.15,25:Chloe Morozov:52.22,26:Corey Yamamoto:58.23,27:Hassan Liu:40.64,28:Harper Nkosi:52.34,29:Rayan Garcia:53.47,30:Zane Fernandez:40.58,31:Felix Vidal:43.96,32:Mateo Abebe:51.54
1884,Reims,Clermont-Ferrand,10/04/2026,2045,0312,1:Ryo Simon:42.31,2:Pablo Garcia:39.13,3:Skylar Popov:40.43,4:Amandine Robert:33.19,5:Awa Doan:52.44,6:Ryan Conti:36.06,7:Mateo Wang:50.68,8:Mateo Novak:48.60,9:Leila Vidal:38.53,10:Celeste Fournier:47.92,11:Jeanne Kovacs:33.81,12:Hugo Russo:35.17,13:Ricardo Cruz:45.50,14:Driss Laurent:49.56,15:Gabriel Fahmi:41.18,16:Madison Kowalski:49.37,17:Ines Sokolov:45.05,18:Celeste Chung:40.75,19:Manon Gomez:46.78,20:Samira Rossi:48.81,21:Hassan Diallo:41.88,22:Manon Zimmermann:31.00,23:Bjorn Lefevre:36.97,24:Igor Morozov:45.07,25:Orion Faure:49.39,26:Miguel Clark:51.22,27:Santiago Perez:43.80,28:Driss Cruz:31.91,29:Kimberly Williams:47.20,30:Gabriel Schmidt:51.25,31:Wei Ferrari:40.71,32:Nicolas Clark:30.72,33:Brenda Popov:47.05,34:Lian Garnier:35.70,35:Dmitri Klein:39.23,36:Fiona Garnier:51.28,37:Yara Brown:49.28,38:Jason Ramirez:43.59,39:Bjorn Moreau:51.46,40:Hugo Nkosi:30.33,41:Ulysse Garnier:37.74,42:Jian Martinez:33.50,43:Nicolas Doan:37.14,44:Erica Morozov:47.65,45:Minh Benali:50.66,46:Hazel Brown:30.26,47:Lucas Novak:47.58,48:Sana Kovacs:46.03,49:Kimberly Huang:51.28,50:Taylor Silva:31.92,51:Jason Yamamoto:48.12,52:Camille Tran:52.14
6897,Limoges,Bordeaux,25/02/2026,1330,1831,1:Daiki Dupont:34.98,2:Madison Zhang:24.93,3:Harper Martin:35.70,4:Louis Ndiaye:33.99,5:Zoe Diallo:29.70,6:Chloe Fernandez:35.02,7:Wei Lopez:30.79,8:Miguel Clark:25.57,9:Ines Haddad:24.50,10:Santiago Sousa:25.86,11:Sara Fahmi:20.81,12:Samira Morozov:26.54,13:Sofia Wang:29.87,14:Nour Wong:32.89,15:Theo Gomes:20.67,16:Taro Zimmermann:26.49,17:Jian Ramirez:25.36,18:Awa Cisse:29.65,19:Kenji Simon:27.24,20:Fode Wilson:30.27,21:Jeanne Moreau:21.12,22:Hassan Rodriguez:31.59,23:Pierre Liu:30.05,24:Sonia Tran:23.51,25:Sergei Ramirez:29.77,26:Margaux Dupont:32.20,27:Pablo Martinez:26.64,28:Baptiste Sousa:29.94,29:Sergei Ribeiro:23.41,30:Bjorn Richard:22.78,31:Alice Torres:23.07,32:Ricardo Martinez:22.37,33:Baptiste Rizzo:30.24,34:Orion Davis:34.49,35:Celeste Taylor:27.70,36:Yumi Chen:28.10,37:Liam Fernandez:23.30,38:Gabriel Lee:22.51,39:Malika Brown:28.61,40:Hassan Pham:30.42,41:Lea Bianchi:35.57
1186,Reims,Paris,31/12/2026,1345,2208,1:Quentin Schulz:33.39,2:Austin Haddad:40.20,3:Thao Ahmed:,4:Alice Dupont:52.31,5:Sekou Bianchi:42.01,6:Chloe Fernandez:34.77,7:Zane Cherif:37.82,8:Chau Torres:33.01,9:Harper Rizzo:43.63,10:Driss Perez:42.37,11:Elsa Bianchi:38.72,12:Sekou Fournier:46.68,13:Corey Laurent:41.59,14:Emi Park:48.82,15:Nala Wang:52.28,16:Chau Huang:36.30,17:Sophie Popov:51.60,18:Louis Ouattara:,19:Aicha Ndiaye:48.41,20:Lucas Oliveira:56.09,21:Brenda Le:37.81,22:Minh Rizzo:,23:Karim Liu:,24:Bilal Ivanov:33.69,25:Farah Nkosi:58.46,26:Felix Wagner:57.97,27:Erica Vo:49.15,28:Pablo Petrov:34.48,29:Juan Russo:49.27,30:Kenza Martinez:,31:Chau Khan:36.21,32::,33:Zola Schmidt:48.12,34::,35:Kimberly Diop:34.39,36::,37:Natalia Morozov:44.95,38:Chau Diop:56.41,39:Chen Nguyen:41.33,40::,41:Zane Durand:
4232,Bordeaux,Tours,29/06/2026,2100,0212,1:Karim Zhang:34.22,2:Baptiste Rodriguez:30.68,3:Kofi Muller:24.83,4:Hazel Petrov:21.95,5:Paul Leroy:31.38,6::,7:Bjorn Torres:35.55,8:Ulysse Weber:23.00,9:Wei Benali:34.02,10:Thao Moreau:23.92,11:Mateo Benali:,12:Emma Sokolov:29.85,13::,14:Thao Gallo:22.33,15:David Faure:22.83,16:Aicha Garnier:26.88,17:Bilal Torres:25.95,18:Aicha Robert:31.21,19:Samira Ramirez:34.45,20:Jeanne Kuznetsov:34.39,21:Valentine Rodrigues:36.00,22:Felix Garnier:,23:Jules Park:37.67,24:Felix Tanaka:31.43,25:Sophie Nguyen:33.08,26:Ryan Moreau:32.36,27:Kenza Wang:33.77,28:Nala Dupont:34.80,29:Theo Santos:32.37,30:Aisha Ali:,31:Isabella Lefevre:21.28,32:Mei Wagner:34.18,33:Ines Kovacs:26.43,34:Madison Muller:30.69
4750,Marseille,Limoges,17/03/2026,1915,0229,1:Igor Chen:35.69,2:Rose Martin:51.56,3:Pierre Gallo:42.71,4:Kwame Smith:57.66,5:Driss Suzuki:45.49,6:Jason Klein:36.13,7:Erica Mohamed:32.91,8:Quentin Santos:,9:Valentine Martinez:40.66,10:Mehdi Sato:47.47,11:Karim Bruno:38.34,12:Dylan Moreau:42.38,13:Harper Ramirez:39.47,14:Kenza Davis:43.71,15:Lian Le:48.84,16:Lucas Clark:55.67,17:Kimberly Huang:47.44,18:Chen Muller:46.10,19:Austin Haddad:35.25,20:Olivia Tanaka:36.96,21:Silas Brown:39.22,22:Thao Laurent:51.62,23:Corey Lefevre:41.53,24:Valentine Bianchi:,25:Sofia Esposito:44.31,26:Farah Nkosi:34.86,27:Celeste Bianchi:39.68,28:Maria Tran:57.55,29:Willow Simon:50.30
7565,Dijon,Nice,24/03/2026,1200,1846,1:Pierre Traore:42.40,2:Willow Cisse:44.85,3:Hazel Schmidt:35.48,4:Emi Wagner:34.87,5:Taro Clark:41.32,6:Wei Schulz:54.61,7:Alessio Ziane:44.88,8:Brenda Robert:44.16,9:Elsa Kuznetsov:43.02,10:Leila Ndiaye:46.91,11:Zola Schmidt:48.30,12:Jackson Muller:40.23,13:Lucas Greco:41.99,14:Hazel Fournier:40.72,15:Aki Diop:54.00,16:Youssef Ramirez:44.34,17:Rose Garcia:37.63,18:Katya Gallo:42.16,19:Wei Ribeiro:51.52,20:Hugo Greco:31.74,21:Nicolas Ferrari:35.27,22:Leila Greco:38.63,23:Valentine Moreau:48.82,24:Isabella Le:48.30,25:Imani Zhang:44.84,26:Madison Zhang:55.90,27:Imani Petrov:50.01,28:Kimberly Abebe:43.70,29:Pierre Taylor:34.33
8909,Limoges,Montpellier,16/09/2026,2245,0331,1:Willow Traore:31.35,2:Pablo Ziane:20.75,3:Emma Dupont:27.47,4:Rose Mohamed:35.23,5:Gabriel Fahmi:30.73,6:Amandine Ziane:35.59,7:Margaux Dupont:34.66,8:Elena Laurent:34.65,9:Corey Robert:26.39,10:Lucas Oliveira:28.72,11:Karim Sanchez:25.77,12:Chen Nguyen:20.91,13:Ethan Thomas:30.32,14:Noah Gallo:30.30,15:Isabella Ivanov:27.05,16:Orion Laurent:32.81,17:Kenza Ferrari:32.55,18:Amandine Haddad:35.70,19:Sofia Gomez:22.30,20:Sara Ferrari:34.26,21:Ryo Rizzo:24.81,22:Kai Ahmed:34.65,23:Manon Zimmermann:31.27,24:Emma Sokolov:32.80,25:Samira Gomes:26.49,26:Paul Sanchez:35.43,27:Alessio Ziane:31.10,28:Natalia Mohamed:31.22,29:Rayan Rodriguez:27.82,30:Liam Alves:34.32,31:Bjorn Esposito:27.10,32:Taro Wilson:23.51,33:Nicolas Esposito:33.78,34:David Cherif:34.18,35:Kai Doan:22.76
3256,Toulouse,Nice,24/09/2026,0815,1700,1:Sophie Alves:41.63,2:Aicha Wong:53.64,3:Chloe Kuznetsov:35.58,4:Aki Rodriguez:35.12,5:Kenza Williams:38.47,6:Jian Ramirez:37.76,7:Karim Sanchez:51.59,8::,9:Alice Torres:55.86,10:Chloe Kovacs:42.00,11:Aki Muller:57.66,12:Aki Torres:34.36,13:Leila Hussein:42.92,14:Zachary Laurent:46.42,15::,16:Hassan Liu:,17:Zola Clark:55.68,18:Romain Lopez:38.04,19:Manon Yamamoto:57.24,20:Lian Cruz:33.08,21:Hassan Pham:35.21,22:Miguel Yamamoto:47.32,23:Harper Ramirez:42.00,24:Yasmine Nguyen:34.12,25:Kai Liu:,26:Ethan Liu:34.85,27:Elena Richard:53.92,28::,29:Hassan Martin:51.99,30:Skylar Davis:48.36,31:Yumi Simon:36.53,32:Lucas Cherif:45.97,33:Valentine Martinez:54.94,34:Brenda Dubois:35.36,35:Jeanne Wang:53.90,36:Gabriel Cherif:,37:Ryan Sato:40.12,38:Brenda Ouattara:47.52,39:Austin Haddad:41.40,40:Leila Zhang:44.74,41:Gabriel Muller:32.80,42:Eloise Fahmi:46.29,43:Amandine Fahmi:44.75,44:Sophie Taylor:45.29,45:Carmen Faure:36.94,46:Kimberly Abebe:50.09,47:Kwame Brown:51.85,48:Madison Lee:44.11,49:Mateo Novak:35.34,50:Theo Silva:54.93
5224,Tours,Perpignan,03/11/2026,0800,1835,1:Hugo Diallo:36.46,2:Farah Nkosi:41.06,3:Brenda Kovacs:52.77,4:Valentine Durand:45.79,5:Pablo Garcia:33.86,6:Samira Huang:56.12,7:Yara Rodrigues:44.61,8:Pierre Diop:57.46,9:Minh Schulz:40.60,10:Madison Torres:48.69,11:Driss Cisse:42.18,12:Miguel Pereira:33.03,13:Kwame Weber:44.01,14:Tristan Wang:41.70,15:Wei Leroy:46.40,16:Omar Martinez:49.41
8746,Brest,Dijon,05/12/2026,1030,2125,1:Zane Almeida:54.26,2:Chau Huang:48.32,3:Jian Popov:49.47,4:Corey Laurent:45.86,5:Aki Vo:46.54,6:Mehdi Rodriguez:52.99,7:Finn Kowalski:57.35,8:Finn Weber:39.25,9:Jeanne Haddad:36.27,10:Felix Esposito:52.83,11:Ulysse Johnson:32.68,12:Willow Popov:37.27,13:Nicolas Sanchez:52.67,14:Kenji Clark:40.73,15:Kai Michel:39.42,16:Mateo Novak:57.25,17:Chen Roux:55.98,18:Aicha Wang:52.51,19:Hazel Fournier:57.39,20:Ryo Perez:42.86,21:Jeanne Petrov:48.04,22:Javier Brown:48.52,23:Austin Schmidt:46.57,24:Valentine Durand:46.00,25:Sara Tran:49.42,26:Nicolas Ali:48.97,27:Pablo Pereira:56.70,28:Ryo Chen:43.93,29:Nala Wang:33.55,30:Dylan Popov:42.56,31:Sekou Ziane:51.24,32:Paul Cruz:32.91,33:Baptiste Benali:43.23
1658,Strasbourg,Dijon,13/06/2026,,0230,1:Amine Leroy:36.04,2:Lucas Simon:33.68,3:Bilal Cruz:38.04,4:Leila Zhang:39.81,5:Silas Sylla:34.86,6:Pablo Mohamed:37.36,7:Mehdi Conti:35.12,8:Akira Wang:34.16,9:Sophie Vo:38.03,10:Sonia Huang:32.12,11:Santiago Perez:31.91,12:Minh Novak:42.11,13:Hazel Tran:24.44,14:Li Oliveira:36.93,15:Leila Hussein:24.60,16:Rose Ramirez:33.73,17:Igor Muller:38.55,18:Sofia Sousa:40.93,19:Brenda Robert:41.17,20:Karim Nguyen:35.66,21:Simon Fernandez:23.62,22:Aisha Gallo:37.23,23:Manon Bianchi:37.52,24:Arthur Cherif:33.97,25:Jackson Popov:35.56,26:Silas Leroy:28.69,27:Dmitri Hussein:32.93,28:Awa Schmidt:30.61,29:Sofia Leroy:24.92,30:Brenda Simon:38.38,31:Mateo Schulz:35.49,32:Sonia Tran:24.59,33:Chen Ziane:28.94,34:Zoe Vidal:39.45,35:Imani Bernard:34.13,36:Orion Bernard:30.20,37:Paul Diop:38.04,38:Leila Vidal:36.31,39:Ryan Ouattara:36.08
6976,Marseille,Lille,15/11/2026,0745,1757,1:Yasmine Boudjema:54.40,2:Erica Sato:37.86,3:Alice Dupont:41.98,4:Margaux Ribeiro:54.01,5:Sekou Ziane:41.29,6:Kwame Cherif:41.89,7:Farah Russo:56.33,8:Camille Fahmi:41.62,9:Rose Moussa:44.03,10:Igor Park:53.39,11:Isabella Sanchez:37.29,12:Zoe Dubois:55.38,13:Igor Alves:57.30,14:Bilal Ali:35.47,15:Austin Nkosi:40.94,16:Quentin Nkosi:52.62,17:Silas Martin:47.69,18:Zoe Novak:49.26,19:Rayan Johnson:57.79,20:Katya Lee:42.46,21:Alessio Alves:47.79,22:Leila Wilson:42.77,23:Felix Ivanov:42.29,24:Aicha Santos:57.21,25:Isabella Popov:47.78,26:Nicolas Sanchez:36.47,27:Daiki Gomez:36.79,28:Noah Brown:35.67,29:Noah Schulz:37.32,30:Chen Yamamoto:34.64,31:Isabella Lopez:47.19,32:Zane Cherif:53.98,33:Hassan Rizzo:40.50,34:Chau Huang:56.83,35:Silas Tran:46.82,36:Lucia Vo:38.33,37:Jeanne Smith:54.87,38:Youssef Sousa:33.70,39:Isabella Dupont:51.35,40:Chen Nguyen:58.39,41:Kofi Novak:44.95,42:Brenda Dubois:45.68,43:Manon Yamamoto:40.17,44:Zola Schmidt:36.42,45:Willow Vo:51.66,46:Dylan Petrov:56.46,47:Kenza Schulz:45.94,48:Jian Diop:53.08,49:Margaux Schmidt:34.17,50:Imani Petrov:54.28,51:Eloise Moreau:44.33
7257,Strasbourg,Nantes,26/12/2026,2045,0858,1:Taro Gallo:49.73,2:Lucia Simon:52.01,3:Noah Schulz:53.30,4:Sophie Cruz:37.22,5:Orion Pereira:55.37,6:Ryan Ouattara:56.34,7:Romain Haddad:39.87,8:Javier Kovacs:48.02,9:Theo Yamamoto:49.25,10:Paul Durand:49.46,11:Ethan Smith:36.20,12:Lucia Hussein:47.77,13:Kofi Martin:46.35,14:Pierre Thomas:32.67,15:Romain Schulz:47.90,16:Willow Ali:38.15,17:Sergei Vasiliev:39.32,18:Maria Tran:37.66,19:Mateo Oliveira:58.28,20:Sara Martinez:47.60,21:Sara Dubois:42.10,22:Chau Kovacs:50.05,23:Sana Smith:34.80,24:Austin Chen:48.84,25:Sergei Gallo:52.74,26:Li Kowalski:40.07,27:Silas Le:57.20,28:Silas Dubois:42.55,29:Austin Wang:32.82,30:Elena Russo:40.04,31:Celeste Taylor:50.66,32:Nala Fournier:58.30,33:Orion Bernard:57.54,34:Sonia Huang:33.42,35:Alessio Boudjema:48.54,36:Mateo Brown:47.55,37:Sara Schmidt:55.09,38:Sofia Gomez:55.87,39:Ryan Williams:42.20,40:Oceane Robert:34.46,41:Taylor Klein:34.88,42:Bilal Mohamed:44.08,43:Jason Klein:49.78,44:Louis Park:51.74,45:Theo Schmidt:35.35,46:Nala Conti:56.25,47:Minh Novak:44.12
6811,Reims,Montpellier,18/12/2026,0900,1451,1:Alice Zhang:30.85,2:Zane Suzuki:41.45,3:Quentin Santos:40.13,4:Silas Martin:31.27,5:Li Le:47.31,6:Jeanne Kovacs:37.39,7:Celeste Lopez:36.34,8:Pierre Wagner:39.93,9:Sonia Diallo:44.05,10:Hassan Diallo:49.59,11:Jeanne Wang:28.79,12:Malika Sousa:30.59,13:Tristan Popov:42.77,14:Hassan Gomez:41.35,15:Sana Lee:30.68,16:Ines Rodrigues:37.31,17:Louis Simon:49.26,18:Aki Torres:40.46,19:Thao Moreau:41.89,20:Clement Esposito:27.96,21:Jeanne Taylor:31.62,22:Romain Michel:35.61,23:Emma Moussa:46.50,24:Hazel Laurent:28.32,25:Silas Cherif:35.92,26:Emma Cisse:38.02,27:Amine Lefevre:43.29,28:Aki Cisse:48.93,29:Yasmine Pereira:44.24,30:Ethan Ramirez:35.63,31:Javier Richard:45.37,32:Oceane Rodriguez:39.78,33:Camille Ramirez:47.34,34:Baptiste Thomas:33.44,35:Gabriel Fahmi:41.51,36:Quentin Wilson:45.48,37:Sofia Leroy:33.54,38:Gabriel Cherif:27.88,39:Amandine Haddad:45.05,40:Amandine Robert:39.89,41:Leila Pham:37.55,42:Baptiste Rossi:40.09,43:Kofi Dubois:35.91,44:Erica Tanaka:33.04,45:Alice Tanaka:40.36,46:Mehdi Zhang:47.81,47:Amandine Ribeiro:30.61,48:Akira Brown:37.29
2157,Marseille,Saint-Etienne,12/09/2026,1700,2104,1:Lucas Clark:22.18,2:Skylar Ribeiro:26.82,3:Pierre Ziane:25.06,4:Emma Vidal:21.48,5:Rayan Rodrigues:17.42,6:Hazel Hussein:18.63,7:Jian Michel:24.91,8:Sekou Greco:26.87,9:Kenji Zimmermann:23.11,10:Dylan Popov:28.33,11:Tristan Santos:25.71,12:Nicolas Kowalski:28.91,13:Chloe Lefevre:27.94,14:Brenda Zimmermann:26.96,15:Alessio Boudjema:24.19,16:Hana Pereira:21.12,17:Nala Miller:27.15,18:Camille Tran:26.76,19:Hugo Thomas:27.88,20:Igor Doan:16.77,21:Leila Kuznetsov:26.44,22:Noah Schulz:25.41,23:Taro Wang:29.22,24:Yasmine Pereira:26.37,25:Madison Torres:20.58,26:Miguel Greco:28.71,27:Baptiste Alves:19.96,28:Sofia Davis:27.12,29:Taro Gallo:18.09,30:Leila Rizzo:23.74,31:David Faure:22.45
9168,Dijon,Toulouse,11/09/2026,1415,2133,1:Sara Tran:40.45,2:Austin Cisse:37.25,3:Tristan Chung:32.39,4:Taro Gallo:38.44,5:Olivia Sousa:47.57,6:Zane Almeida:46.51,7:Jeanne Petit:37.53,8:Valentine Chung:54.21,9::,10:Driss Thomas:38.07,11:Kimberly Diop:43.31,12:Samira Petit:36.91,13:Taro Greco:,14:Nala Mohamed:54.80,15:David Bruno:35.14,16:Jackson Silva:,17::,18:Liam Nkosi:42.93,19:Rayan Rodrigues:55.78,20:Fode Faure:47.49,21:Camille Tran:,22:Jeanne Russo:55.61,23:Pablo Petrov:38.52,24:Felix Huang:41.12,25:Isabella Nkosi:39.25,26:Pierre Taylor:53.16,27:Rayan Garcia:52.76,28:Farah Nkosi:53.15,29:Camille Morozov:42.95
2012,Limoges,Paris,25/06/2026,1200,1817,1:Felix Ivanov:47.50,2:Kofi Wilson:41.43,3:Zola Le:48.49,4:Noah Suzuki:53.34,5:Hugo Robert:38.94,6:Kai Park:48.09,7:Elena Oliveira:41.03,8:Isabella Le:31.44,9:Louis Singh:41.62,10:Austin Greco:33.74,11:Aicha Michel:44.43,12:Hassan Liu:37.22,13:Mateo Laurent:33.33,14:Zachary Vo:40.83,15:Amandine Le:43.20,16:Brenda Popov:43.07,17:Ryan Sato:46.70,18:Ryo Boudjema:32.58,19:Youssef Almeida:31.91,20:Tristan Schmidt:41.04
4158,Lille,Nantes,20/08/2026,0615,1207,1:Eloise Khan:35.29,2:Paul Pham:34.72,3:Quentin Leroy:44.96,4:Samira Martin:47.37,5:Mei Nkosi:29.69,6:Dmitri Le:42.47,7:Lian Traore:46.66,8:Imani Alves:34.16,9:Manon Kim:37.50,10:Driss Oliveira:47.65,11:Daiki Martinez:28.09,12:Finn Cherif:44.23,13:Valentine Sato:34.37,14:Austin Doan:28.92,15:Natalia Weber:31.80,16:Amandine Ali:29.78,17:Victor Zimmermann:41.21,18:Natalia Nkosi:30.61,19:Minh Gomes:36.91,20:Gabriel Bernard:45.88,21:Ryan Martin:30.03,22:Kenza Fahmi:28.54,23:Mehdi Schmidt:27.96,24:Pablo Clark:38.29,25:Margaux Diallo:35.20,26:Sana Durand:38.95,27:Awa Sokolov:40.00,28:Daiki Dubois:39.44
5764,Angers,Grenoble,31/03/2026,0700,1320,1:Brenda Ouattara:51.27,2:Mehdi Abebe:50.47,3:Youssef Bianchi:35.37,4:Ines Sokolov:44.28,5:Maria Traore:54.12,6:Harper Ouattara:36.42,7:Camille Wang:35.31,8:Igor Chen:32.69,9:Olivia Sousa:53.73,10:Jeanne Wang:41.22,11:Thao Tran:35.72,12:Margaux Conti:31.52,13:Aisha Sanchez:47.83,14:Sophie Benali:40.31,15:Ines Haddad:41.33,16:Sophie Alves:38.50,17:Bilal Thomas:42.59,18:Rayan Chen:36.78,19:Ulysse Johnson:53.51,20:Louis Fernandez:52.83,21:Kenza Garnier:37.98,22:Kofi Khan:35.95,23:Elena Ziane:33.27,24:Aicha Ziane:53.41,25:Margaux Khan:43.72,26:Natalia Durand:42.53,27:Kenza Ferrari:32.13,28:Akira Petit:40.00,29:Lucas Simon:50.90,30:Leila Taylor:54.18,31:Juan Lefevre:54.91,32:Kenji Leroy:47.47,33:Jules Oliveira:38.94,34:Amandine Haddad:37.78,35:Adrien Conti:39.03
4829,Toulouse,Metz,02/08/2026,1115,2028,1:Imani Ramirez:50.41,2:Felix Garcia:43.85,3:Minh Gomes:33.17,4::,5:Mei Sanchez:52.45,6:Lucas Khelifi:53.35,7::,8:Kenza Schulz:56.79,9:Sofia Klein:57.16,10:Akira Gomes:52.65,11:Mehdi Wilson:,12:Miguel Boudjema:35.38,13:Gabriel Fahmi:56.31,14:Noah Gallo:45.27,15:Manon Gomez:34.08,16:Katya Santos:57.82,17:Aicha Ziane:52.99,18:Karim Liu:34.02,19:Leila Roux:34.47,20:Hassan Klein:34.04,21:Amine Rizzo:48.81,22:Margaux Vasiliev:48.63,23:Akira Abebe:52.87,24:Paul Muller:48.85,25:Arthur Gomes:45.30,26:Corey Nguyen:43.09,27:Sana Lefevre:53.79,28:Lucia Diop:,29:Mehdi Sato:51.44,30::,31:Orion Faure:56.39,32:Kenza Traore:51.66,33:Harper Moreau:50.37,34:Tristan Haddad:38.32,35:Chau Lee:43.46,36::,37:Imani Ahmed:38.77,38:Aisha Khan:,39:Taylor Smith:47.53,40:Willow Simon:44.11,41:Kai Martinez:35.32,42:Hugo Martin:36.12,43:Nala Sanchez:36.92,44:Brenda Bianchi:46.26,45:Nicolas Vidal:38.91
9011,Dijon,Saint-Etienne,24/09/2026,1400,1651,1:Taylor Cruz:17.83,2:Olivia Ribeiro:18.74,3::,4::,5:Aki Kovacs:16.29,6:Elsa Ali:18.13,7:Quentin Petrov:21.61,8:Ulysse Roux:12.65,9:Javier Brown:14.56,10:Jeanne Smith:12.84,11:Imani Chen:16.43,12:Karim Sanchez:17.73,13:Hugo Leroy:14.14,14:Ulysse Torres:20.46,15:Austin Greco:18.11,16:Clement Zimmermann:20.01,17:Manon Perez:14.61,18:Aisha Bruno:21.77,19:Jackson Kuznetsov:21.74,20:Daiki Clark:21.62,21:Simon Garnier:18.56,22:Yumi Russo:19.00,23:Harper Nkosi:17.84,24:Ryan Sato:13.12,25::,26:Gabriel Ouattara:13.79,27:Taro Greco:13.21,28:Dmitri Ferrari:19.94,29::,30:Juan Ziane:16.01,31:Sophie Schulz:17.70,32:Corey Faure:18.61,33:Jeanne Doan:14.59,34:Lea Tran:19.92,35::,36:Elsa Kuznetsov:16.42,37:Juan Petit:13.03,38::,39:Eloise Fahmi:15.10,40:Sekou Yamamoto:20.13,41:Adrien Vasiliev:21.52,42:Isabella Nkosi:20.30,43:Alice Doan:12.50,44:Kimberly Williams:12.55,45:Emma Ziane:21.52,46:Baptiste Alves:21.94,47:Chau Torres:21.04,48:Valentine Clark:20.57
6450,Rouen,Tours,10/03/2026,1615,1924,1:Hugo Miller:21.92,2:Bilal Clark:19.75,3:Sofia Lee:19.17,4:Skylar Bruno:22.10,5:Yara Moore:23.38,6:Nicolas Bernard:16.92,7:Ryan Morozov:20.15,8:Emma Brown:13.98,9:Juan Greco:20.76,10:Lucas Almeida:18.38,11:Bjorn Gallo:23.53,12:Silas Simon:15.32,13:Jeanne Doan:17.28,14:Clement Ivanov:20.61,15:Jian Popov:17.78,16:Brenda Robert:22.74,17:Awa Sokolov:19.88,18:Sora Rodriguez:14.04,19:Jules Garcia:24.11,20:Ines Haddad:17.17,21:Natalia Davis:14.49,22:Skylar Rossi:23.79,23:Chloe Kovacs:15.54,24:Paul Moussa:19.71,25:Javier Dupont:15.69,26:Harper Cisse:24.60,27:Elena Diop:14.92,28:Romain Michel:14.03,29:Oceane Greco:22.37,30:Austin Wang:19.22,31:Wei Lefevre:18.97,32:Zoe Popov:20.07
5611,Rennes,Marseille,30/10/2026,1900,0521,1:Emma Conti:47.97,2:Kwame Schulz:52.57,3:Victor Mohamed:35.57,4:Rayan Rodriguez:33.87,5:Lian Cruz:58.34,6:Pablo Diop:38.31,7:Emi Park:49.73,8:Kofi Roux:44.39,9:Thao Moreau:42.68,10:Skylar Novak:49.22,11:Zoe Fahmi:55.50,12:Sofia Davis:38.77,13:Tristan Chen:36.04,14:Yara Clark:46.13,15:Taro Greco:35.69,16:Jeanne Taylor:58.43,17:Skylar Ribeiro:46.41,18:Austin Pereira:51.24,19:Aki Cisse:35.58,20:Chau Diop:33.15,21:Lucia Ziane:56.99,22:Ines Schulz:45.45,23:Akira Park:51.73,24:Theo Sousa:49.75,25:Brenda Mohamed:48.74,26:Wei Ferrari:33.98,27:Malika Martin:53.48,28:Bilal Kuznetsov:50.38,29:Daiki Dubois:54.85,30:Sora Russo:52.54
2277,Clermont-Ferrand,Marseille,24/03/2026,1500,2054,1:Javier Leroy:43.59,2:Santiago Robert:42.22,3:Kai Michel:34.96,4:Akira Wang:35.84,5:Ethan Torres:46.29,6:Isabella Ziane:40.76,7:Bjorn Moreau:31.28,8:Nala Wang:45.83,9:Ines Kovacs:29.49,10:Fode Moussa:46.14,11:Zola Clark:43.74,12:Rayan Perez:37.19,13:Elsa Greco:43.38,14:Austin Haddad:44.46,15:Skylar Davis:37.57,16:Bjorn Lefevre:32.01,17:Nour Cruz:30.50,18:Aicha Wang:31.58,19:Fode Almeida:28.09,20:Lucia Huang:41.61,21:Karim Petrov:46.72,22:Thao Ahmed:39.50,23:Aki Ribeiro:36.88,24:Hugo Novak:28.03,25:Erica Mohamed:43.52,26:Lea Sato:44.56,27:Omar Esposito:43.94,28:Hazel Brown:26.41,29:Miguel Dupont:40.32,30:Alessio Gomes:36.44,31:Lucas Clark:42.00,32:Kenza Chen:33.11,33:Malika Kowalski:36.76,34:Rayan Chen:43.98,35:Youssef Abebe:36.43,36:Daiki Garcia:46.25,37:Minh Chen:30.64,38:Pierre Moussa:34.02,39:Malika Sanchez:32.27,40:Chau Ouattara:26.77,41:Tristan Tran:32.24,42:Chau Le:33.95,43:Madison Zhang:32.89,44:Chloe Brown:38.43,45:Bjorn Tran:43.74,46:Elsa Kim:28.22,47:Brenda Dubois:41.39,48:Lian Traore:36.82,49:Harper Ribeiro:46.38,50:Alice Hussein:37.13,51:Sofia Davis:37.27,52:Driss Dupont:42.60
8943,Montpellier,Nice,06/02/2026,0815,1359,1:Jackson Popov:43.81,2:Rose Smith:46.76,3:Natalia Muller:33.46,4:Imani Ramirez:27.78,5:Zola Cherif:42.94,6:Pablo Robert:45.33,7:Chen Morozov:31.51,8:Eloise Weber:32.23,9:Liam Rodriguez:36.47,10:Ethan Thomas:35.59,11:Leila Doan:28.44,12:Pablo Garcia:42.34,13:Olivia Ivanov:42.02,14:Chau Ivanov:44.30,15:Oceane Huang:28.69,16:Rose Schmidt:38.76,17:Rayan Greco:27.45,18:Kofi Martin:48.40,19:Finn Russo:32.58,20:Katya Ahmed:31.23,21:Youssef Simon:33.91,22:Liam Yamamoto:31.37,23:Ines Rodrigues:28.14,24:Hazel Morozov:27.38,25:Rayan Robert:41.62,26:Sophie Sousa:46.29,27:Eloise Sanchez:45.73,28:Karim Fahmi:33.79,29:Omar Kovacs:46.50,30:Alice Martin:27.27,31:Yasmine Boudjema:36.81,32:Arthur Robert:27.74,33:Zane Klein:45.47,34:Orion Zhang:42.43,35:Driss Williams:29.22,36:Zola Johnson:27.55,37:Kenji Simon:41.85,38:Jeanne Wang:33.26,39:Liam Nkosi:32.05,40:Louis Kim:45.31,41:Jackson Muller:30.96,42:Finn Kovacs:43.57,43:Ryan Ouattara:30.17,44:Javier Brown:34.62,45:Rayan Johnson:36.73,46:Kenza Garnier:33.53,47:Dmitri Vidal:27.49,48:Austin Moussa:32.67,49:Fiona Greco:27.20,50:Willow Cruz:43.30,51:Sofia Wang:34.01,52:Amandine Johnson:34.67,53:Sana Lee:29.18,54:Nala Moore:37.44
8146,Le Mans,Reims,06/06/2026,0700,1622,1:Oceane Gomez:44.25,2:Finn Cisse:42.37,3:Camille Tran:51.47,4:Alice Dupont:33.69,5:Isabella Fahmi:44.63,6:Hugo Miller:37.70,7:Austin Haddad:49.88,8:Juan Russo:36.90,9:Nala Mohamed:34.90,10:Minh Schulz:56.26,11:Aisha Moussa:37.62,12:Sora Durand:40.97,13:Simon Wilson:34.92,14:Zane Zhang:41.54,15:Nicolas Greco:52.53,16:Silas Klein:58.02,17:Celeste Bianchi:36.43,18:Bjorn Lefevre:53.79,19:Karim Liu:57.36,20:Imani Fournier:49.60,21:Paul Pereira:49.98,22:Baptiste Suzuki:54.05,23:Harper Sato:40.14,24:Hugo Martin:39.02,25:Jeanne Tanaka:38.40,26:Santiago Khan:54.01,27:Arthur Khan:50.78,28:Gabriel Garnier:39.16,29:Fiona Doan:46.13,30:Arthur Cisse:53.04,31:Farah Rizzo:48.28,32:Willow Simon:47.25,33:Omar Singh:41.66
5892,Grenoble,Montpellier,05/02/2026,0600,0959,1:Leila Roux:29.05,2:Fode Perez:22.54,3:Jules Cruz:25.63,4:Zoe Kowalski:29.54,5:David Esposito:24.20,6:Willow Kim:18.06,7:Maria Rodriguez:29.10,8:Pierre Garnier:22.72,9:Paul Pham:19.72,10:Valentine Rodrigues:26.28,11:Karim Sanchez:22.10,12:Omar Kovacs:25.25,13:Fode Wilson:17.18,14:Igor Doan:20.28,15:Santiago Perez:24.31,16:Austin Garcia:30.30,17:Ryo Doan:24.26,18:Samira Tran:20.19,19:Oceane Kuznetsov:22.88,20:Lian Kim:24.60,21:Sophie Ouattara:23.81,22:Kofi Muller:23.30,23:Ulysse Roux:19.08,24:Eloise Fahmi:19.36,25:Jules Bruno:21.50,26:Jeanne Clark:26.14,27:Karim Fahmi:28.58
2068,Grenoble,Limoges,05/09/2026,1000,,1:Chau Huang:23.58,2:Ryo Klein:31.92,3:Karim Sanchez:28.20,4:Rayan Johnson:26.81,5:Jian Esposito:25.80,6:Amandine Perez:38.64,7:Louis Park:39.73,8:Samira Bruno:34.16,9:Hazel Morozov:34.78,10:Eloise Schulz:38.44,11:Zola Torres:31.43,12:Minh Fahmi:36.45,13:Tristan Sousa:26.32,14:Yara Cisse:39.24,15:Skylar Rossi:23.81,16:Lucia Vo:26.44,17:Chau Simon:32.47,18:Valentine Rodrigues:37.00,19:Skylar Gallo:32.06,20:Ricardo Dubois:33.19,21:Fode Wang:29.62,22:Romain Wong:32.30,23:Ulysse Laurent:27.47,24:Ulysse Vidal:38.94,25:Madison Santos:30.79,26:Rose Novak:38.88,27:Zane Morozov:24.80
1142,Lille,Metz,27/12/2026,0900,1829,1:Margaux Ribeiro:49.12,2:Felix Ali:42.40,3:Willow Vo:54.12,4:Manon Dubois:52.38,5:Bilal Wilson:36.53,6::,7:Lea Suzuki:44.01,8:Yara Moore:56.76,9:Sara Ferrari:45.85,10:Alessio Silva:55.90,11:Erica Cruz:45.65,12:Kenji Mohamed:,13:Baptiste Roux:42.73,14:Rayan Rodriguez:32.70,15:Sekou Pereira:49.78,16:Emma Cisse:33.83,17:Chau Ouattara:35.51,18:Samira Lefevre:41.62,19:Brenda Dubois:41.04,20:Mei Garnier:39.81,21:Sofia Kovacs:55.05,22:Youssef Doan:34.61,23:Olivia Thomas:55.29,24:Felix Klein:,25:Manon Rizzo:35.47,26:Mateo Novak:52.73,27:Willow Tanaka:45.99,28:Karim Haddad:50.06,29:Harper Dupont:44.55,30:Simon Chen:38.93
5946,Le Mans,Dijon,14/03/2026,0630,1418,1:Driss Chung:40.40,2:Fiona Vidal:45.54,3:Austin Haddad:38.39,4:Eloise Suzuki:40.15,5:Eloise Miller:48.24,6:Silas Ziane:42.54,7:Margaux Dupont:54.46,8:Jian Zimmermann:46.15,9:Sekou Kim:42.76,10:Austin Nkosi:38.60,11:Jules Cherif:49.72,12:Nour Cruz:46.99,13:Oceane Singh:38.78,14:Emma Pham:40.19,15:Louis Simon:39.16,16:Ryo Doan:40.67,17:Quentin Fernandez:40.67,18:Ethan Liu:45.55,19:Fode Dubois:50.75,20:Minh Le:41.87,21:Rose Haddad:42.25,22:Natalia Ali:44.83,23:Ines Laurent:41.44,24:Mehdi Ali:42.38,25:Arthur Chung:57.33,26:Quentin Ali:43.27,27:Bjorn Thomas:39.80,28:Imani Chung:37.73,29:Fiona Davis:52.70,30:Finn Kowalski:52.95,31:Kenji Russo:34.65,32:Tristan Moreau:54.35,33:Mateo Laurent:36.12,34:Chen Muller:50.61
9908,Nantes,Limoges,27/08/2026,1145,1646,1:Clement Moore:33.15,2:Minh Smith:37.36,3:Romain Michel:35.16,4:Aisha Gallo:35.05,5:Brenda Popov:36.69,6:Noah Gallo:38.66,7:Quentin Chen:33.04,8:Samira Martin:37.95,9:Maria Rodriguez:32.45,10:Yara Hussein:24.16,11:Sana Zhang:38.82,12:Sophie Sousa:29.10,13:Taylor Gomes:37.24,14:Sora Silva:33.05,15:Amandine Cisse:25.96,16:Ethan Smith:29.43,17:Jackson Diop:35.33,18:Nicolas Yamamoto:30.04,19:Ulysse Weber:22.26,20:Kofi Cruz:29.86,21:Romain Zimmermann:25.00,22:Juan Roux:38.07,23:Noah Lopez:30.30,24:Manon Silva:26.72,25:Chau Wang:22.26,26:Hassan Martin:38.16,27:Daiki Wang:30.71,28:Kenza Traore:35.94,29:Daiki Bianchi:31.29,30:Katya Rodrigues:35.65,31:Nour Wang:33.06,32:Javier Bianchi:24.64
1497,Limoges,Brest,24/10/2026,1330,2008,1:Samira Huang:47.94,2:Olivia Wong:52.11,3:Ricardo Vidal:41.96,4:Amandine Robert:35.58,5:Rayan Dubois:46.00,6:Lucia Rizzo:35.98,7:Leila Pham:35.50,8:Alessio Ouattara:38.63,9:Liam Rodriguez:36.78,10:Hazel Fournier:42.29,11:Farah Gallo:47.07,12:Alessio Boudjema:52.53,13:Igor Cisse:50.55,14:Farah Nkosi:47.24,15:Juan Tran:48.34,16:Nicolas Ahmed:45.71,17:Karim Bruno:33.77,18:Amandine Wilson:44.53,19:Ricardo Nkosi:47.99,20:Camille Moreau:51.88,21:Minh Schulz:30.20,22:Youssef Morozov:47.98,23:Chau Le:38.49,24:Theo Yamamoto:45.18,25:Youssef Wagner:33.73,26:Mehdi Richard:50.15,27:Samira Wong:35.33,28:Zachary Moussa:51.91,29:Lucia Weber:48.39,30:Kenza Bernard:37.86,31:Quentin Rossi:45.90,32:Li Gomez:49.71,33:Jian Michel:42.43,34:Margaux Durand:49.81
7363,Caen,Rennes,11/11/2026,1145,1542,1:Driss Dupont:26.97,2:Lea Leroy:27.45,3:Noah Conti:23.00,4:Silas Clark:20.85,5:Felix Esposito:30.65,6:Samira Bruno:28.08,7:Lucas Suzuki:22.83,8:Aicha Ndiaye:24.53,9:Emi Park:26.52,10:Zoe Popov:18.58,11:Malika Robert:21.92,12:David Thomas:18.89,13:Sekou Hussein:30.12,14:Bjorn Torres:28.07,15:Ulysse Torres:21.43,16:Javier Petrov:28.51,17:Lucas Singh:25.56,18:Arthur Abebe:22.09,19:Theo Taylor:31.67,20:Sekou Moreau:24.77,21:Adrien Garnier:21.55,22:Javier Wang:23.17,23:Nicolas Esposito:22.29,24:Pablo Clark:22.02,25:Kwame Rizzo:28.43,26:Olivia Morozov:29.90,27:Jian Traore:23.63
3870,La Rochelle,Tours,17/06/2026,0745,1326,1:Romain Zimmermann:43.52,2:Amine Durand:29.79,3:Amandine Ribeiro:42.95,4:Rayan Rodriguez:41.29,5:Manon Nkosi:36.78,6:Clement Lopez:32.29,7:Isabella Clark:35.28,8:Silas Ziane:41.16,9:Harper Ribeiro:27.54,10:Isabella Lefevre:31.79,11:Leila Wilson:26.75,12:Madison Santos:36.93,13:Isabella Durand:34.52,14:Akira Chen:36.01,15:Elena Russo:43.60,16:Fode Yamamoto:38.64,17:Emma Brown:44.33,18:Ulysse Nguyen:31.44,19:Alessio Alves:45.46,20:Chen Muller:37.60,21:Victor Nkosi:36.49,22:Madison Tanaka:30.58,23:Zachary Zimmermann:26.99,24:Mateo Kuznetsov:35.59,25:Felix Wagner:33.46,26:Nicolas Kowalski:46.60,27:Imani Fournier:33.14,28:Zola Greco:27.82,29:Maria Tran:29.17,30:Olivia Thomas:36.45,31:Kai Bianchi:38.05,32:David Simon:41.55,33:Jeanne Smith:34.34,34:Orion Pereira:28.05,35:Theo Schmidt:29.82,36:Camille Santos:42.74,37:Isabella Durand:37.84,38:Sana Lefevre:39.61,39:Hazel Brown:46.40,40:Erica Mohamed:29.86,41:Igor Park:30.54,42:Quentin Fernandez:38.95,43:Willow Simon:27.35,44:Silas Brown:36.20,45:Samira Khelifi:29.45,46:Manon Perez:38.21
3287,Lille,Dijon,20/12/2026,1615,2326,1:Elena Sousa:41.09,2:Juan Sokolov:37.50,3:Driss Kuznetsov:49.30,4:Nicolas Wong:41.84,5:Imani Singh:48.33,6:Jason Kowalski:36.13,7:Hassan Pham:42.49,8:Aki Rodriguez:46.31,9:Ryan Khelifi:52.44,10:Carmen Bruno:50.88,11:Sana Novak:47.20,12:Willow Kim:52.87,13:Paul Cruz:52.52,14:Fiona Suzuki:54.55,15:Aki Ribeiro:33.89,16:Natalia Nkosi:54.17,17:Zola Diop:48.62,18:Yumi Zimmermann:48.74,19:Katya Doan:43.33,20:Zachary Vo:36.95,21:Margaux Schmidt:38.21,22:Louis Ouattara:41.23,23:Elsa Conti:31.76,24:Olivia Ivanov:54.26,25:Romain Diallo:53.60,26:Madison Muller:47.59,27:Zola Cherif:50.20,28:Aicha Muller:51.98
3182,La Rochelle,Strasbourg,19/09/2026,0600,1754,1:Liam Vasiliev:45.27,2:Taylor Wong:42.33,3:Bjorn Moore:53.53,4:Ryan Liu:39.96,5:Ryo Michel:53.18,6::,7:Natalia Martinez:51.18,8:Farah Diallo:55.36,9:Ines Pereira:37.79,10:Jeanne Petrov:44.59,11:Zane Suzuki:40.95,12:Carmen Simon:36.81
1473,Montpellier,Saint-Etienne,02/10/2026,0915,1531,1:Mateo Kuznetsov:43.43,2:Dylan Moreau:43.66,3:Silas Leroy:39.52,4:Driss Conti:28.72,5:Eloise Weber:28.24,6:Baptiste Ribeiro:39.15,7:Kofi Martin:34.63,8:Noah Ramirez:44.19,9:Santiago Clark:41.05,10:Juan Roux:33.67,11:Miguel Novak:44.18,12:Celeste Muller:37.65,13:Kenji Khan:29.47,14:Austin Thomas:33.11,15:Kai Cisse:36.64,16:Hugo Martin:44.97,17:Louis Ndiaye:27.85,18:Simon Nkosi:36.83,19:Margaux Durand:33.75,20:Katya Lee:35.68,21:Felix Perez:29.01,22:Jackson Martinez:30.96,23:Igor Ali:30.22,24:Romain Lopez:49.36,25:Fode Wilson:35.47,26:Hazel Khan:47.16,27:Kwame Smith:48.39,28:Victor Mohamed:44.25,29:Harper Sato:32.24,30:Felix Huang:34.78,31:Jason Fournier:31.59,32:Zoe Dubois:28.35,33:Jason Kowalski:34.49,34:Silas Sylla:48.41,35:Katya Singh:29.92,36:Ethan Liu:30.46,37:Simon Chen:47.02
6100,Limoges,Angers,19/08/2026,1745,2100,1:Nour Singh:15.52,2:Tristan Diop:17.25,3:Minh Tran:15.97,4:Farah Pereira:18.99,5:Noah Conti:18.21,6:Elena Richard:17.50,7:Yumi Chen:13.49,8:Kai Martinez:19.06,9:Corey Faure:22.32,10:Jian Diop:14.49,11:Santiago Miller:21.24,12:Baptiste Santos:19.43,13:Miguel Greco:15.27,14:Romain Zimmermann:14.48,15:Ines Schulz:15.92,16:Taylor Gomes:15.26,17:Sophie Cherif:15.87,18:Leila Pham:16.29,19:Ulysse Vidal:13.94,20:Jackson Ramirez:17.54,21:Felix Yamamoto:12.69,22:Harper Rizzo:17.59,23:Nicolas Doan:16.29,24:Isabella Smith:20.44,25:Natalia Zhang:12.74,26:Jules Liu:13.09,27:Alice Johnson:19.00,28:Camille Santos:18.19,29:Sekou Kim:22.61
9539,Limoges,Lille,10/12/2026,1615,0003,1:Celeste Bianchi:57.27,2:Felix Suzuki:36.95,3:Leila Vidal:40.93,4:Emi Pham:41.23,5:Karim Sousa:40.89,6:Paul Ahmed:47.02,7:Elsa Greco:41.01,8:Erica Abebe:42.57,9:Zachary Traore:51.46,10:Javier Zimmermann:32.78,11:Alessio Lopez:44.86,12:Victor Nkosi:43.70,13:Felix Zimmermann:34.35,14:Jackson Wang:41.21,15:Amandine Wilson:38.11,16:Fiona Vidal:47.91,17:Harper Kuznetsov:47.62,18:Alessio Wong:48.59,19:Imani Petrov:54.62,20:Sophie Cruz:36.05,21:Baptiste Roux:57.11,22:Simon Wilson:45.09,23:Silas Dubois:52.71,24:Mehdi Wilson:54.69
1378,Marseille,Bordeaux,22/12/2026,1215,2206,1:Lucas Doan:39.30,2:Pierre Lee:42.80,3:Brenda Dubois:33.40,4:Wei Rizzo:53.11,5:Baptiste Alves:49.43,6:Maria Petrov:41.42,7:Noah Brown:48.69,8:Brenda Zimmermann:39.10,9:Chloe Morozov:39.04,10:Manon Perez:41.42,11:Gabriel Lee:40.23,12:Javier Brown:56.65,13:Erica Cruz:46.91,14:Camille Schmidt:35.75,15:Skylar Ribeiro:34.86,16:Mei Garnier:57.49,17:Ethan Thomas:53.11,18:Brenda Ouattara:45.60,19:Harper Miller:49.66,20:Austin Moussa:43.30,21:Louis Rossi:57.20,22:Igor Muller:35.31,23:Emi Rizzo:46.77,24:Samira Bruno:33.67,25:Madison Santos:43.43,26:Clement Zimmermann:49.22,27:Malika Suzuki:47.02,28:Noah Khan:43.67,29:Imani Williams:55.82,30:Lian Sokolov:36.17,31:Natalia Muller:45.17,32:Lian Lee:36.92
2491,Clermont-Ferrand,Perpignan,05/09/2026,1145,1942,1:Lian Cruz:50.95,2:Ricardo Vidal:49.40,3:Willow Kim:55.31,4:Minh Rizzo:47.99,5:Silas Almeida:57.38,6:Silas Martin:43.01,7:Daiki Bianchi:57.44,8:Orion Laurent:38.30,9:Zachary Zimmermann:37.28,10:Zachary Laurent:56.58,11:Sofia Sousa:43.12,12:Louis Park:41.93,13:Santiago Abebe:46.96,14:Hugo Martin:36.81,15:Ines Hussein:51.29
8489,Paris,La Rochelle,04/12/2026,1715,0040,1:Nicolas Sanchez:56.81,2:Leila Roux:42.78,3:Aki Bianchi:34.28,4:Corey Ivanov:46.62,5:Pierre Cruz:41.06,6:Sophie Clark:37.54,7:Emma Almeida:46.01,8:Santiago Robert:36.82,9:Mei Wagner:50.81,10:Sophie Chung:49.17,11:Katya Ahmed:32.53,12:Tristan Wang:42.78,13:Aicha Vo:50.57,14:Noah Schulz:47.91,15:Yasmine Pereira:36.83,16:Mehdi Gomez:34.65,17:Simon Chen:43.51,18:Ulysse Lopez:56.51,19:Corey Laurent:31.61,20:Paul Pham:54.62,21:Chloe Lefevre:34.10,22:Adrien Martin:47.69,23:Brenda Rizzo:40.72,24:Mateo Laurent:47.00,25:Sekou Bernard:41.87,26:Adrien Kuznetsov:46.24,27:Quentin Rossi:35.40,28:Zoe Leroy:48.50,29:Ulysse Wang:50.23,30:Simon Garnier:54.23,31:Brenda Mohamed:32.53,32:Carmen Liu:55.31,33:Alessio Ouattara:47.65,34:Gabriel Brown:48.77,35:Mateo Huang:55.48,36:Natalia Martinez:36.37,37:Austin Chen:47.84,38:Louis Clark:37.03,39:Elena Diop:40.84,40:Rose Miller:45.99,41:Mei Ferrari:46.95,42:Natalia Perez:41.08,43:Ryo Simon:54.93
8565,Angers,Nantes,14/03/2026,1900,2139,1:Karim Sanchez:15.05,2:Katya Gallo:17.49,3:Hazel Fournier:21.84,4:Malika Sanchez:17.75,5:Mateo Fernandez:21.51,6:Hazel Petrov:19.18,7:Nour Wang:22.36,8:Sora Silva:17.84,9:Santiago Robert:21.83,10:Bjorn Tran:21.05,11:Brenda Popov:18.77,12:Samira Tran:16.71,13:Zola Torres:19.47,14:Rose Thomas:16.90,15:Elena Boudjema:20.54,16:Mehdi Benali:20.64,17:Zane Suzuki:18.93,18:Elena Ali:21.05,19:Javier Bianchi:20.08,20:Zachary Zimmermann:19.97,21:Yara Oliveira:20.81,22:Arthur Cherif:17.76,23:Amine Rizzo:21.14,24:Igor Morozov:19.29,25:Miguel Sylla:20.07,26:Ulysse Morozov:20.62,27:Hassan Rodriguez:18.33,28:Taro Pham:12.51,29:Harper Ramirez:16.07,30:Jason Mohamed:14.60,31:Austin Cisse:21.53,32:Jeanne Russo:13.89
6335,Saint-Etienne,Strasbourg,01/10/2026,1215,1906,1:Amandine Perez:47.23,2:Hazel Hussein:53.84,3:Hugo Russo:50.82,4:Harper Rizzo:55.20,5:Corey Taylor:33.75,6:Celeste Taylor:39.24,7:Theo Yamamoto:52.17,8:Alice Alves:45.89,9:Dmitri Lee:34.07,10:Noah Brown:46.00,11:Alessio Gomes:33.23,12:Sophie Chung:37.85,13:Hassan Pham:36.74,14:Paul Pereira:47.22,15:Elsa Park:52.05,16:Pierre Gallo:35.11,17:Driss Almeida:44.22,18:Fiona Davis:36.46,19:Adrien Santos:54.39,20:Olivia Tanaka:46.83,21:Alice Torres:31.37,22:Daiki Garcia:50.62,23:Noah Vo:42.35,24:Kwame Khelifi:48.59,25:Jackson Ramirez:54.82,26:Adrien Laurent:50.14,27:Noah Hussein:54.70,28:Akira Abebe:55.85,29:Gabriel Sanchez:55.98,30:Quentin Nkosi:50.26,31:Katya Lee:55.16
